-21.925,4.36E-08
-21.915,4.86E-08
-21.905,5.41E-08
-21.895,6.02E-08
-21.885,6.69E-08
-21.875,7.44E-08
-21.865,8.27E-08
-21.855,9.18E-08
-21.845,1.02E-07
-21.835,1.13E-07
-21.825,1.26E-07
-21.815,1.39E-07
-21.805,1.54E-07
-21.795,1.71E-07
-21.785,1.90E-07
-21.775,2.10E-07
-21.765,2.32E-07
-21.755,2.57E-07
-21.745,2.84E-07
-21.735,3.14E-07
-21.725,3.47E-07
-21.715,3.83E-07
-21.705,4.23E-07
-21.695,4.67E-07
-21.685,5.15E-07
-21.675,5.68E-07
-21.665,6.26E-07
-21.655,6.89E-07
-21.645,7.59E-07
-21.635,8.35E-07
-21.625,9.19E-07
-21.615,1.01E-06
-21.605,1.11E-06
-21.595,1.22E-06
-21.585,1.34E-06
-21.575,1.47E-06
-21.565,1.62E-06
-21.555,1.77E-06
-21.545,1.95E-06
-21.535,2.13E-06
-21.525,2.34E-06
-21.515,2.56E-06
-21.505,2.80E-06
-21.495,3.07E-06
-21.485,3.35E-06
-21.475,3.67E-06
-21.465,4.01E-06
-21.455,4.38E-06
-21.445,4.78E-06
-21.435,5.22E-06
-21.425,5.70E-06
-21.415,6.22E-06
-21.405,6.78E-06
-21.395,7.39E-06
-21.385,8.05E-06
-21.375,8.77E-06
-21.365,9.54E-06
-21.355,1.04E-05
-21.345,1.13E-05
-21.335,1.23E-05
-21.325,1.33E-05
-21.315,1.45E-05
-21.305,1.57E-05
-21.295,1.71E-05
-21.285,1.85E-05
-21.275,2.01E-05
-21.265,2.18E-05
-21.255,2.36E-05
-21.245,2.56E-05
-21.235,2.77E-05
-21.225,3.00E-05
-21.215,3.24E-05
-21.205,3.51E-05
-21.195,3.79E-05
-21.185,4.10E-05
-21.175,4.43E-05
-21.165,4.78E-05
-21.155,5.16E-05
-21.145,5.56E-05
-21.135,6.00E-05
-21.125,6.47E-05
-21.115,6.97E-05
-21.105,7.50E-05
-21.095,8.08E-05
-21.085,8.70E-05
-21.075,9.35E-05
-21.065,0.000100594
-21.055,0.000108125
-21.045,0.000116172
-21.035,0.000124766
-21.025,0.000133953
-21.015,0.00014375
-21.005,0.000154203
-20.995,0.000165313
-20.985,0.000177188
-20.975,0.000189844
-20.965,0.000203438
-20.955,0.000217656
-20.945,0.000232969
-20.935,0.000249219
-20.925,0.000266406
-20.915,0.000284844
-20.905,0.000304375
-20.895,0.000325
-20.885,0.000347031
-20.875,0.000370313
-20.865,0.000395
-20.855,0.000421094
-20.845,0.000448906
-20.835,0.000478281
-20.825,0.000509375
-20.815,0.000542188
-20.805,0.000577031
-20.795,0.00061375
-20.785,0.000652656
-20.775,0.00069375
-20.765,0.000737031
-20.755,0.000782813
-20.745,0.000831094
-20.735,0.000881875
-20.725,0.000935547
-20.715,0.000992031
-20.705,0.001051563
-20.695,0.001114219
-20.685,0.00118
-20.675,0.001249375
-20.665,0.001322188
-20.655,0.00139875
-20.645,0.001479063
-20.635,0.001564063
-20.625,0.001651563
-20.615,0.001745313
-20.605,0.001842188
-20.595,0.001945313
-20.585,0.002051563
-20.575,0.002164063
-20.565,0.00228125
-20.555,0.002403125
-20.545,0.00253125
-20.535,0.002665625
-20.525,0.00280625
-20.515,0.002953125
-20.505,0.003104688
-20.495,0.003264063
-20.485,0.00343125
-20.475,0.003604688
-20.465,0.003785938
-20.455,0.003973438
-20.445,0.004170313
-20.435,0.004373438
-20.425,0.004585938
-20.415,0.00480625
-20.405,0.005035938
-20.395,0.005275
-20.385,0.005521875
-20.375,0.005779688
-20.365,0.006046875
-20.355,0.006323438
-20.345,0.006610938
-20.335,0.006907813
-20.325,0.007215625
-20.315,0.007534375
-20.305,0.007865625
-20.295,0.00820625
-20.285,0.008560156
-20.275,0.008925
-20.265,0.009303125
-20.255,0.009692188
-20.245,0.010095313
-20.235,0.010509375
-20.225,0.0109375
-20.215,0.011379688
-20.205,0.011834375
-20.195,0.012303125
-20.185,0.012785938
-20.175,0.013282813
-20.165,0.01379375
-20.155,0.01431875
-20.145,0.014859375
-20.135,0.015414063
-20.125,0.015984375
-20.115,0.0165625
-20.105,0.017171875
-20.095,0.01778125
-20.085,0.018421875
-20.075,0.0190625
-20.065,0.019734375
-20.055,0.02040625
-20.045,0.02109375
-20.035,0.0218125
-20.025,0.02253125
-20.015,0.02328125
-20.005,0.024046875
-19.995,0.0248125
-19.985,0.025609375
-19.975,0.02640625
-19.965,0.027234375
-19.955,0.028078125
-19.945,0.0289375
-19.935,0.029796875
-19.925,0.0306875
-19.915,0.03159375
-19.905,0.032515625
-19.895,0.033453125
-19.885,0.034390625
-19.875,0.035359375
-19.865,0.03634375
-19.855,0.037328125
-19.845,0.03834375
-19.835,0.039359375
-19.825,0.04040625
-19.815,0.041453125
-19.805,0.042515625
-19.795,0.04359375
-19.785,0.0446875
-19.775,0.045796875
-19.765,0.04690625
-19.755,0.048046875
-19.745,0.0491875
-19.735,0.050328125
-19.725,0.0515
-19.715,0.052671875
-19.705,0.05384375
-19.695,0.055046875
-19.685,0.05625
-19.675,0.057453125
-19.665,0.058671875
-19.655,0.05990625
-19.645,0.061140625
-19.635,0.062375
-19.625,0.063625
-19.615,0.064875
-19.605,0.066132813
-19.595,0.067390625
-19.585,0.06865625
-19.575,0.0699375
-19.565,0.071203125
-19.555,0.072484375
-19.545,0.073765625
-19.535,0.075046875
-19.525,0.076328125
-19.515,0.077609375
-19.505,0.078890625
-19.495,0.080171875
-19.485,0.081453125
-19.475,0.082734375
-19.465,0.084015625
-19.455,0.08528125
-19.445,0.086546875
-19.435,0.087820313
-19.425,0.089078125
-19.415,0.09034375
-19.405,0.09159375
-19.395,0.09284375
-19.385,0.094078125
-19.375,0.0953125
-19.365,0.09653125
-19.355,0.09775
-19.345,0.098953125
-19.335,0.10015625
-19.325,0.10134375
-19.315,0.10253125
-19.305,0.103703125
-19.295,0.104859375
-19.285,0.106015625
-19.275,0.10715625
-19.265,0.10828125
-19.255,0.109390625
-19.245,0.1105
-19.235,0.111578125
-19.225,0.11265625
-19.215,0.11371875
-19.205,0.114765625
-19.195,0.1158125
-19.185,0.116828125
-19.175,0.11784375
-19.165,0.118828125
-19.155,0.1198125
-19.145,0.120765625
-19.135,0.12171875
-19.125,0.12265625
-19.115,0.123578125
-19.105,0.12446875
-19.095,0.125359375
-19.085,0.126234375
-19.075,0.127078125
-19.065,0.127921875
-19.055,0.12875
-19.045,0.1295625
-19.035,0.13034375
-19.025,0.131125
-19.015,0.131875
-19.005,0.132625
-18.995,0.133359375
-18.985,0.1340625
-18.975,0.134765625
-18.965,0.1354375
-18.955,0.136109375
-18.945,0.13675
-18.935,0.137390625
-18.925,0.138015625
-18.915,0.138609375
-18.905,0.139203125
-18.895,0.13978125
-18.885,0.140328125
-18.875,0.140875
-18.865,0.14140625
-18.855,0.141921875
-18.845,0.142421875
-18.835,0.142921875
-18.825,0.143390625
-18.815,0.14384375
-18.805,0.144296875
-18.795,0.144734375
-18.785,0.14515625
-18.775,0.1455625
-18.765,0.14596875
-18.755,0.14634375
-18.745,0.14671875
-18.735,0.147078125
-18.725,0.1474375
-18.715,0.147765625
-18.705,0.14809375
-18.695,0.148421875
-18.685,0.14871875
-18.675,0.149015625
-18.665,0.1493125
-18.655,0.14959375
-18.645,0.149859375
-18.635,0.150109375
-18.625,0.150359375
-18.615,0.150609375
-18.605,0.15084375
-18.595,0.1510625
-18.585,0.15128125
-18.575,0.151484375
-18.565,0.1516875
-18.555,0.151890625
-18.545,0.152078125
-18.535,0.15225
-18.525,0.152421875
-18.515,0.15259375
-18.505,0.15275
-18.495,0.15290625
-18.485,0.1530625
-18.475,0.153203125
-18.465,0.15334375
-18.455,0.153484375
-18.445,0.153609375
-18.435,0.153734375
-18.425,0.15384375
-18.415,0.15396875
-18.405,0.154078125
-18.395,0.154171875
-18.385,0.15428125
-18.375,0.154375
-18.365,0.15446875
-18.355,0.1545625
-18.345,0.15465625
-18.335,0.154734375
-18.325,0.1548125
-18.315,0.154890625
-18.305,0.15496875
-18.295,0.155046875
-18.285,0.155109375
-18.275,0.1551875
-18.265,0.15525
-18.255,0.1553125
-18.245,0.155375
-18.235,0.1554375
-18.225,0.155484375
-18.215,0.155546875
-18.205,0.15559375
-18.195,0.15565625
-18.185,0.155703125
-18.175,0.15575
-18.165,0.155796875
-18.155,0.15584375
-18.145,0.155890625
-18.135,0.155921875
-18.125,0.15596875
-18.115,0.156015625
-18.105,0.156046875
-18.095,0.15609375
-18.085,0.156125
-18.075,0.156171875
-18.065,0.156203125
-18.055,0.156234375
-18.045,0.15625
-18.035,0.15625
-18.025,0.15640625
-18.015,0.15640625
-18.005,0.15640625
-17.995,0.15640625
-17.985,0.15640625
-17.975,0.1565625
-17.965,0.1565625
-17.955,0.1565625
-17.945,0.1565625
-17.935,0.1565625
-17.925,0.15671875
-17.915,0.15671875
-17.905,0.15671875
-17.895,0.15671875
-17.885,0.15671875
-17.875,0.15671875
-17.865,0.156875
-17.855,0.156875
-17.845,0.156875
-17.835,0.156875
-17.825,0.156875
-17.815,0.15703125
-17.805,0.15703125
-17.795,0.15703125
-17.785,0.15703125
-17.775,0.15703125
-17.765,0.15703125
-17.755,0.1571875
-17.745,0.1571875
-17.735,0.1571875
-17.725,0.1571875
-17.715,0.1571875
-17.705,0.1571875
-17.695,0.15734375
-17.685,0.15734375
-17.675,0.15734375
-17.665,0.15734375
-17.655,0.15734375
-17.645,0.15734375
-17.635,0.1575
-17.625,0.1575
-17.615,0.1575
-17.605,0.1575
-17.595,0.1575
-17.585,0.1575
-17.575,0.15765625
-17.565,0.15765625
-17.555,0.15765625
-17.545,0.15765625
-17.535,0.15765625
-17.525,0.1578125
-17.515,0.1578125
-17.505,0.1578125
-17.495,0.1578125
-17.485,0.1578125
-17.475,0.1578125
-17.465,0.15796875
-17.455,0.15796875
-17.445,0.15796875
-17.435,0.15796875
-17.425,0.15796875
-17.415,0.158125
-17.405,0.158125
-17.395,0.158125
-17.385,0.158125
-17.375,0.158125
-17.365,0.158125
-17.355,0.15828125
-17.345,0.15828125
-17.335,0.15828125
-17.325,0.15828125
-17.315,0.15828125
-17.305,0.1584375
-17.295,0.1584375
-17.285,0.1584375
-17.275,0.1584375
-17.265,0.1584375
-17.255,0.15859375
-17.245,0.15859375
-17.235,0.15859375
-17.225,0.15859375
-17.215,0.15859375
-17.205,0.15859375
-17.195,0.15875
-17.185,0.15875
-17.175,0.15875
-17.165,0.15875
-17.155,0.15875
-17.145,0.15890625
-17.135,0.15890625
-17.125,0.15890625
-17.115,0.15890625
-17.105,0.15890625
-17.095,0.1590625
-17.085,0.1590625
-17.075,0.1590625
-17.065,0.1590625
-17.055,0.15921875
-17.045,0.15921875
-17.035,0.15921875
-17.025,0.15921875
-17.015,0.15921875
-17.005,0.159375
-16.995,0.159375
-16.985,0.159375
-16.975,0.159375
-16.965,0.159375
-16.955,0.15953125
-16.945,0.15953125
-16.935,0.15953125
-16.925,0.15953125
-16.915,0.1596875
-16.905,0.1596875
-16.895,0.1596875
-16.885,0.1596875
-16.875,0.1596875
-16.865,0.15984375
-16.855,0.15984375
-16.845,0.15984375
-16.835,0.15984375
-16.825,0.16
-16.815,0.16
-16.805,0.16
-16.795,0.16
-16.785,0.16015625
-16.775,0.16015625
-16.765,0.16015625
-16.755,0.16015625
-16.745,0.1603125
-16.735,0.1603125
-16.725,0.1603125
-16.715,0.1603125
-16.705,0.16046875
-16.695,0.16046875
-16.685,0.16046875
-16.675,0.16046875
-16.665,0.160625
-16.655,0.160625
-16.645,0.160625
-16.635,0.160625
-16.625,0.16078125
-16.615,0.16078125
-16.605,0.16078125
-16.595,0.16078125
-16.585,0.1609375
-16.575,0.1609375
-16.565,0.1609375
-16.555,0.1609375
-16.545,0.16109375
-16.535,0.16109375
-16.525,0.16109375
-16.515,0.16125
-16.505,0.16125
-16.495,0.16125
-16.485,0.16125
-16.475,0.16140625
-16.465,0.16140625
-16.455,0.16140625
-16.445,0.1615625
-16.435,0.1615625
-16.425,0.1615625
-16.415,0.16171875
-16.405,0.16171875
-16.395,0.16171875
-16.385,0.16171875
-16.375,0.161875
-16.365,0.161875
-16.355,0.161875
-16.345,0.16203125
-16.335,0.16203125
-16.325,0.16203125
-16.315,0.1621875
-16.305,0.1621875
-16.295,0.1621875
-16.285,0.16234375
-16.275,0.16234375
-16.265,0.16234375
-16.255,0.1625
-16.245,0.1625
-16.235,0.1625
-16.225,0.16265625
-16.215,0.16265625
-16.205,0.16265625
-16.195,0.1628125
-16.185,0.1628125
-16.175,0.1628125
-16.165,0.16296875
-16.155,0.16296875
-16.145,0.163125
-16.135,0.163125
-16.125,0.163125
-16.115,0.16328125
-16.105,0.16328125
-16.095,0.1634375
-16.085,0.1634375
-16.075,0.1634375
-16.065,0.16359375
-16.055,0.16359375
-16.045,0.16375
-16.035,0.16375
-16.025,0.16375
-16.015,0.16390625
-16.005,0.16390625
-15.995,0.1640625
-15.985,0.1640625
-15.975,0.16421875
-15.965,0.16421875
-15.955,0.16421875
-15.945,0.164375
-15.935,0.164375
-15.925,0.16453125
-15.915,0.16453125
-15.905,0.1646875
-15.895,0.1646875
-15.885,0.16484375
-15.875,0.16484375
-15.865,0.165
-15.855,0.165
-15.845,0.16515625
-15.835,0.16515625
-15.825,0.1653125
-15.815,0.1653125
-15.805,0.16546875
-15.795,0.165625
-15.785,0.165625
-15.775,0.16578125
-15.765,0.16578125
-15.755,0.1659375
-15.745,0.1659375
-15.735,0.16609375
-15.725,0.16625
-15.715,0.16625
-15.705,0.16640625
-15.695,0.1665625
-15.685,0.1665625
-15.675,0.16671875
-15.665,0.16671875
-15.655,0.166875
-15.645,0.16703125
-15.635,0.1671875
-15.625,0.1671875
-15.615,0.16734375
-15.605,0.1675
-15.595,0.1675
-15.585,0.16765625
-15.575,0.1678125
-15.565,0.16796875
-15.555,0.16796875
-15.545,0.168125
-15.535,0.16828125
-15.525,0.1684375
-15.515,0.16859375
-15.505,0.16875
-15.495,0.16875
-15.485,0.16890625
-15.475,0.1690625
-15.465,0.16921875
-15.455,0.169375
-15.445,0.16953125
-15.435,0.1696875
-15.425,0.16984375
-15.415,0.17
-15.405,0.17
-15.395,0.17015625
-15.385,0.1703125
-15.375,0.17046875
-15.365,0.170625
-15.355,0.17078125
-15.345,0.1709375
-15.335,0.17109375
-15.325,0.17140625
-15.315,0.1715625
-15.305,0.17171875
-15.295,0.171875
-15.285,0.17203125
-15.275,0.1721875
-15.265,0.17234375
-15.255,0.1725
-15.245,0.17265625
-15.235,0.1728125
-15.225,0.173125
-15.215,0.17328125
-15.205,0.1734375
-15.195,0.17359375
-15.185,0.17375
-15.175,0.17390625
-15.165,0.17421875
-15.155,0.174375
-15.145,0.17453125
-15.135,0.1746875
-15.125,0.17484375
-15.115,0.175
-15.105,0.1753125
-15.095,0.17546875
-15.085,0.175625
-15.075,0.17578125
-15.065,0.1759375
-15.055,0.17625
-15.045,0.17640625
-15.035,0.1765625
-15.025,0.17671875
-15.015,0.176875
-15.005,0.17703125
-14.995,0.1771875
-14.985,0.1775
-14.975,0.17765625
-14.965,0.1778125
-14.955,0.17796875
-14.945,0.178125
-14.935,0.17828125
-14.925,0.1784375
-14.915,0.17859375
-14.905,0.17875
-14.895,0.17890625
-14.885,0.1790625
-14.875,0.17921875
-14.865,0.17921875
-14.855,0.179375
-14.845,0.17953125
-14.835,0.1796875
-14.825,0.1796875
-14.815,0.17984375
-14.805,0.18
-14.795,0.18
-14.785,0.18015625
-14.775,0.18015625
-14.765,0.1803125
-14.755,0.1803125
-14.745,0.1803125
-14.735,0.18046875
-14.725,0.18046875
-14.715,0.18046875
-14.705,0.18046875
-14.695,0.18046875
-14.685,0.18046875
-14.675,0.18046875
-14.665,0.18046875
-14.655,0.1803125
-14.645,0.1803125
-14.635,0.1803125
-14.625,0.18015625
-14.615,0.18015625
-14.605,0.18
-14.595,0.17984375
-14.585,0.17984375
-14.575,0.1796875
-14.565,0.17953125
-14.555,0.179375
-14.545,0.17921875
-14.535,0.17890625
-14.525,0.17875
-14.515,0.17859375
-14.505,0.17828125
-14.495,0.178125
-14.485,0.1778125
-14.475,0.1775
-14.465,0.1771875
-14.455,0.17703125
-14.445,0.17671875
-14.435,0.17625
-14.425,0.1759375
-14.415,0.175625
-14.405,0.1753125
-14.395,0.17484375
-14.385,0.17453125
-14.375,0.1740625
-14.365,0.17359375
-14.355,0.173125
-14.345,0.17265625
-14.335,0.1721875
-14.325,0.17171875
-14.315,0.17125
-14.305,0.17078125
-14.295,0.17015625
-14.285,0.1696875
-14.275,0.16921875
-14.265,0.16859375
-14.255,0.16796875
-14.245,0.16734375
-14.235,0.166875
-14.225,0.16625
-14.215,0.165625
-14.205,0.165
-14.195,0.164375
-14.185,0.16375
-14.175,0.16296875
-14.165,0.16234375
-14.155,0.16171875
-14.145,0.1609375
-14.135,0.1603125
-14.125,0.1596875
-14.115,0.15890625
-14.105,0.15828125
-14.095,0.1575
-14.085,0.15671875
-14.075,0.1560625
-14.065,0.15534375
-14.055,0.154609375
-14.045,0.153890625
-14.035,0.15315625
-14.025,0.152421875
-14.015,0.1516875
-14.005,0.150953125
-13.995,0.15021875
-13.985,0.1495
-13.975,0.148765625
-13.965,0.14803125
-13.955,0.1473125
-13.945,0.14659375
-13.935,0.145875
-13.925,0.145171875
-13.915,0.14446875
-13.905,0.143765625
-13.895,0.143078125
-13.885,0.142390625
-13.875,0.14171875
-13.865,0.141046875
-13.855,0.140390625
-13.845,0.13975
-13.835,0.139109375
-13.825,0.138484375
-13.815,0.137875
-13.805,0.137265625
-13.795,0.1366875
-13.785,0.136109375
-13.775,0.135546875
-13.765,0.135
-13.755,0.13446875
-13.745,0.133953125
-13.735,0.1334375
-13.725,0.132953125
-13.715,0.132484375
-13.705,0.132046875
-13.695,0.131609375
-13.685,0.1311875
-13.675,0.130796875
-13.665,0.130421875
-13.655,0.130054688
-13.645,0.12971875
-13.635,0.129390625
-13.625,0.12909375
-13.615,0.1288125
-13.605,0.128546875
-13.595,0.1283125
-13.585,0.12809375
-13.575,0.127890625
-13.565,0.12771875
-13.555,0.1275625
-13.545,0.127421875
-13.535,0.1273125
-13.525,0.12721875
-13.515,0.12715625
-13.505,0.127109375
-13.495,0.127078125
-13.485,0.127078125
-13.475,0.12709375
-13.465,0.127125
-13.455,0.1271875
-13.445,0.127265625
-13.435,0.127375
-13.425,0.1275
-13.415,0.127640625
-13.405,0.127796875
-13.395,0.127984375
-13.385,0.128203125
-13.375,0.128421875
-13.365,0.128671875
-13.355,0.1289375
-13.345,0.12921875
-13.335,0.12953125
-13.325,0.129859375
-13.315,0.130203125
-13.305,0.1305625
-13.295,0.1309375
-13.285,0.131328125
-13.275,0.13175
-13.265,0.1321875
-13.255,0.132625
-13.245,0.13309375
-13.235,0.133578125
-13.225,0.134078125
-13.215,0.134578125
-13.205,0.135109375
-13.195,0.135640625
-13.185,0.136203125
-13.175,0.136765625
-13.165,0.13734375
-13.155,0.1379375
-13.145,0.13853125
-13.135,0.13915625
-13.125,0.139773438
-13.115,0.14040625
-13.105,0.141046875
-13.095,0.141703125
-13.085,0.142375
-13.075,0.143046875
-13.065,0.14371875
-13.055,0.14440625
-13.045,0.14509375
-13.035,0.145796875
-13.025,0.1465
-13.015,0.14721875
-13.005,0.147921875
-12.995,0.148640625
-12.985,0.149375
-12.975,0.15009375
-12.965,0.150828125
-12.955,0.1515625
-12.945,0.152289063
-12.935,0.153023438
-12.925,0.153765625
-12.915,0.1545
-12.905,0.155234375
-12.895,0.15596875
-12.885,0.15671875
-12.875,0.1575
-12.865,0.158125
-12.855,0.15890625
-12.845,0.1596875
-12.835,0.1603125
-12.825,0.16109375
-12.815,0.16171875
-12.805,0.1625
-12.795,0.163125
-12.785,0.16390625
-12.775,0.16453125
-12.765,0.1653125
-12.755,0.1659375
-12.745,0.1665625
-12.735,0.16734375
-12.725,0.16796875
-12.715,0.16859375
-12.705,0.16921875
-12.695,0.16984375
-12.685,0.17046875
-12.675,0.17109375
-12.665,0.17171875
-12.655,0.17234375
-12.645,0.1728125
-12.635,0.1734375
-12.625,0.1740625
-12.615,0.17453125
-12.605,0.17515625
-12.595,0.175625
-12.585,0.17609375
-12.575,0.17671875
-12.565,0.1771875
-12.555,0.17765625
-12.545,0.178125
-12.535,0.17859375
-12.525,0.1790625
-12.515,0.179375
-12.505,0.17984375
-12.495,0.1803125
-12.485,0.180625
-12.475,0.18109375
-12.465,0.18140625
-12.455,0.18171875
-12.445,0.18203125
-12.435,0.18234375
-12.425,0.18265625
-12.415,0.18296875
-12.405,0.18328125
-12.395,0.1834375
-12.385,0.18375
-12.375,0.1840625
-12.365,0.18421875
-12.355,0.184375
-12.345,0.18453125
-12.335,0.18484375
-12.325,0.185
-12.315,0.185
-12.305,0.18515625
-12.295,0.1853125
-12.285,0.18546875
-12.275,0.18546875
-12.265,0.185625
-12.255,0.185625
-12.245,0.185625
-12.235,0.18578125
-12.225,0.18578125
-12.215,0.18578125
-12.205,0.18578125
-12.195,0.18578125
-12.185,0.185625
-12.175,0.185625
-12.165,0.185625
-12.155,0.18546875
-12.145,0.18546875
-12.135,0.1853125
-12.125,0.18515625
-12.115,0.18515625
-12.105,0.185
-12.095,0.18484375
-12.085,0.1846875
-12.075,0.18453125
-12.065,0.184375
-12.055,0.1840625
-12.045,0.18390625
-12.035,0.18375
-12.025,0.1834375
-12.015,0.18328125
-12.005,0.18296875
-11.995,0.1828125
-11.985,0.1825
-11.975,0.18234375
-11.965,0.18203125
-11.955,0.18171875
-11.945,0.18140625
-11.935,0.18109375
-11.925,0.18078125
-11.915,0.18046875
-11.905,0.18015625
-11.895,0.17984375
-11.885,0.17953125
-11.875,0.17921875
-11.865,0.17890625
-11.855,0.17859375
-11.845,0.17828125
-11.835,0.1778125
-11.825,0.1775
-11.815,0.1771875
-11.805,0.176875
-11.795,0.17640625
-11.785,0.17609375
-11.775,0.17578125
-11.765,0.1753125
-11.755,0.175
-11.745,0.17453125
-11.735,0.17421875
-11.725,0.17375
-11.715,0.1734375
-11.705,0.173125
-11.695,0.17265625
-11.685,0.17234375
-11.675,0.171875
-11.665,0.1715625
-11.655,0.17109375
-11.645,0.17078125
-11.635,0.1703125
-11.625,0.17
-11.615,0.16953125
-11.605,0.16921875
-11.595,0.16890625
-11.585,0.1684375
-11.575,0.168125
-11.565,0.16765625
-11.555,0.16734375
-11.545,0.16703125
-11.535,0.1665625
-11.525,0.16625
-11.515,0.1659375
-11.505,0.165625
-11.495,0.16515625
-11.485,0.16484375
-11.475,0.16453125
-11.465,0.16421875
-11.455,0.16390625
-11.445,0.1634375
-11.435,0.163125
-11.425,0.1628125
-11.415,0.1625
-11.405,0.1621875
-11.395,0.161875
-11.385,0.1615625
-11.375,0.16140625
-11.365,0.16109375
-11.355,0.16078125
-11.345,0.16046875
-11.335,0.16015625
-11.325,0.16
-11.315,0.1596875
-11.305,0.159375
-11.295,0.15921875
-11.285,0.15890625
-11.275,0.15875
-11.265,0.1584375
-11.255,0.15828125
-11.245,0.158125
-11.235,0.1578125
-11.225,0.15765625
-11.215,0.1575
-11.205,0.15734375
-11.195,0.1571875
-11.185,0.156875
-11.175,0.15671875
-11.165,0.1565625
-11.155,0.1565625
-11.145,0.15640625
-11.135,0.15621875
-11.125,0.156109375
-11.115,0.155984375
-11.105,0.155890625
-11.095,0.15578125
-11.085,0.155703125
-11.075,0.155609375
-11.065,0.155546875
-11.055,0.155484375
-11.045,0.155421875
-11.035,0.155375
-11.025,0.155328125
-11.015,0.155296875
-11.005,0.15528125
-10.995,0.155265625
-10.985,0.155265625
-10.975,0.155265625
-10.965,0.155265625
-10.955,0.15528125
-10.945,0.1553125
-10.935,0.15534375
-10.925,0.155390625
-10.915,0.1554375
-10.905,0.1555
-10.895,0.1555625
-10.885,0.155640625
-10.875,0.15571875
-10.865,0.1558125
-10.855,0.15590625
-10.845,0.156015625
-10.835,0.156125
-10.825,0.15625
-10.815,0.15640625
-10.805,0.1565625
-10.795,0.15671875
-10.785,0.156875
-10.775,0.15703125
-10.765,0.1571875
-10.755,0.15734375
-10.745,0.1575
-10.735,0.15765625
-10.725,0.1578125
-10.715,0.15796875
-10.705,0.15828125
-10.695,0.1584375
-10.685,0.15859375
-10.675,0.15890625
-10.665,0.1590625
-10.655,0.159375
-10.645,0.15953125
-10.635,0.15984375
-10.625,0.16
-10.615,0.1603125
-10.605,0.16046875
-10.595,0.16078125
-10.585,0.16109375
-10.575,0.16125
-10.565,0.1615625
-10.555,0.161875
-10.545,0.1621875
-10.535,0.1625
-10.525,0.16265625
-10.515,0.16296875
-10.505,0.16328125
-10.495,0.16359375
-10.485,0.16390625
-10.475,0.16421875
-10.465,0.16453125
-10.455,0.16484375
-10.445,0.165
-10.435,0.1653125
-10.425,0.165625
-10.415,0.1659375
-10.405,0.16625
-10.395,0.1665625
-10.385,0.166875
-10.375,0.1671875
-10.365,0.1675
-10.355,0.1678125
-10.345,0.168125
-10.335,0.1684375
-10.325,0.16875
-10.315,0.1690625
-10.305,0.169375
-10.295,0.1696875
-10.285,0.17
-10.275,0.1703125
-10.265,0.170625
-10.255,0.1709375
-10.245,0.17125
-10.235,0.1715625
-10.225,0.171875
-10.215,0.1721875
-10.205,0.1725
-10.195,0.17265625
-10.185,0.17296875
-10.175,0.17328125
-10.165,0.17359375
-10.155,0.17390625
-10.145,0.17421875
-10.135,0.17453125
-10.125,0.1746875
-10.115,0.175
-10.105,0.1753125
-10.095,0.175625
-10.085,0.17578125
-10.075,0.17609375
-10.065,0.17640625
-10.055,0.17671875
-10.045,0.176875
-10.035,0.1771875
-10.025,0.1775
-10.015,0.17765625
-10.005,0.17796875
-9.995,0.178125
-9.985,0.1784375
-9.975,0.17859375
-9.965,0.17890625
-9.955,0.17921875
-9.945,0.179375
-9.935,0.1796875
-9.925,0.17984375
-9.915,0.18
-9.905,0.1803125
-9.895,0.18046875
-9.885,0.18078125
-9.875,0.1809375
-9.865,0.18125
-9.855,0.18140625
-9.845,0.1815625
-9.835,0.181875
-9.825,0.18203125
-9.815,0.1821875
-9.805,0.1825
-9.795,0.18265625
-9.785,0.1828125
-9.775,0.18296875
-9.765,0.18328125
-9.755,0.1834375
-9.745,0.18359375
-9.735,0.18375
-9.725,0.18390625
-9.715,0.18421875
-9.705,0.184375
-9.695,0.18453125
-9.685,0.1846875
-9.675,0.18484375
-9.665,0.185
-9.655,0.18515625
-9.645,0.1853125
-9.635,0.185625
-9.625,0.18578125
-9.615,0.1859375
-9.605,0.18609375
-9.595,0.18625
-9.585,0.18640625
-9.575,0.1865625
-9.565,0.18671875
-9.555,0.186875
-9.545,0.18703125
-9.535,0.1871875
-9.525,0.18734375
-9.515,0.1875
-9.505,0.18765625
-9.495,0.1878125
-9.485,0.18796875
-9.475,0.188125
-9.465,0.18828125
-9.455,0.1884375
-9.445,0.18859375
-9.435,0.18875
-9.425,0.18890625
-9.415,0.1890625
-9.405,0.18921875
-9.395,0.189375
-9.385,0.18953125
-9.375,0.1896875
-9.365,0.18984375
-9.355,0.19
-9.345,0.19015625
-9.335,0.1903125
-9.325,0.19046875
-9.315,0.190625
-9.305,0.19078125
-9.295,0.1909375
-9.285,0.19109375
-9.275,0.19125
-9.265,0.19140625
-9.255,0.1915625
-9.245,0.19171875
-9.235,0.191875
-9.225,0.19203125
-9.215,0.19234375
-9.205,0.1925
-9.195,0.19265625
-9.185,0.1928125
-9.175,0.19296875
-9.165,0.193125
-9.155,0.19328125
-9.145,0.1934375
-9.135,0.19359375
-9.125,0.19375
-9.115,0.19390625
-9.105,0.1940625
-9.095,0.19421875
-9.085,0.19453125
-9.075,0.1946875
-9.065,0.19484375
-9.055,0.195
-9.045,0.19515625
-9.035,0.1953125
-9.025,0.19546875
-9.015,0.19578125
-9.005,0.1959375
-8.995,0.19609375
-8.985,0.19625
-8.975,0.1965625
-8.965,0.19671875
-8.955,0.196875
-8.945,0.19703125
-8.935,0.19734375
-8.925,0.1975
-8.915,0.19765625
-8.905,0.19796875
-8.895,0.198125
-8.885,0.19828125
-8.875,0.19859375
-8.865,0.19875
-8.855,0.1990625
-8.845,0.19921875
-8.835,0.19953125
-8.825,0.1996875
-8.815,0.2
-8.805,0.20015625
-8.795,0.20046875
-8.785,0.200625
-8.775,0.2009375
-8.765,0.20125
-8.755,0.20140625
-8.745,0.20171875
-8.735,0.20203125
-8.725,0.2021875
-8.715,0.2025
-8.705,0.2028125
-8.695,0.203125
-8.685,0.2034375
-8.675,0.20375
-8.665,0.2040625
-8.655,0.204375
-8.645,0.2046875
-8.635,0.205
-8.625,0.2053125
-8.615,0.205625
-8.605,0.2059375
-8.595,0.20640625
-8.585,0.20671875
-8.575,0.20703125
-8.565,0.2075
-8.555,0.2078125
-8.545,0.20828125
-8.535,0.20859375
-8.525,0.2090625
-8.515,0.209375
-8.505,0.20984375
-8.495,0.2103125
-8.485,0.21078125
-8.475,0.21125
-8.465,0.21171875
-8.455,0.2121875
-8.445,0.21265625
-8.435,0.213125
-8.425,0.21359375
-8.415,0.21421875
-8.405,0.2146875
-8.395,0.21515625
-8.385,0.21578125
-8.375,0.21625
-8.365,0.216875
-8.355,0.2175
-8.345,0.218125
-8.335,0.21875
-8.325,0.219375
-8.315,0.22
-8.305,0.220625
-8.295,0.22125
-8.285,0.22203125
-8.275,0.22265625
-8.265,0.2234375
-8.255,0.2240625
-8.245,0.22484375
-8.235,0.225625
-8.225,0.22640625
-8.215,0.2271875
-8.205,0.22796875
-8.195,0.22875
-8.185,0.22953125
-8.175,0.23046875
-8.165,0.23125
-8.155,0.2321875
-8.145,0.233125
-8.135,0.23390625
-8.125,0.23484375
-8.115,0.23578125
-8.105,0.236875
-8.095,0.2378125
-8.085,0.23875
-8.075,0.23984375
-8.065,0.24078125
-8.055,0.241875
-8.045,0.24296875
-8.035,0.2440625
-8.025,0.24515625
-8.015,0.24625
-8.005,0.24734375
-7.995,0.248515625
-7.985,0.2496875
-7.975,0.2509375
-7.965,0.25203125
-7.955,0.25328125
-7.945,0.25453125
-7.935,0.25578125
-7.925,0.25703125
-7.915,0.25828125
-7.905,0.2596875
-7.895,0.2609375
-7.885,0.26234375
-7.875,0.26359375
-7.865,0.265
-7.855,0.26640625
-7.845,0.2678125
-7.835,0.26921875
-7.825,0.270625
-7.815,0.27203125
-7.805,0.2734375
-7.795,0.275
-7.785,0.27640625
-7.775,0.27796875
-7.765,0.279375
-7.755,0.2809375
-7.745,0.2825
-7.735,0.2840625
-7.725,0.285625
-7.715,0.2871875
-7.705,0.28875
-7.695,0.2903125
-7.685,0.291875
-7.675,0.29359375
-7.665,0.29515625
-7.655,0.296875
-7.645,0.2984375
-7.635,0.30015625
-7.625,0.30171875
-7.615,0.3034375
-7.605,0.30515625
-7.595,0.306875
-7.585,0.3084375
-7.575,0.31015625
-7.565,0.311875
-7.555,0.31359375
-7.545,0.3153125
-7.535,0.31703125
-7.525,0.31875
-7.515,0.32046875
-7.505,0.3221875
-7.495,0.32390625
-7.485,0.325625
-7.475,0.3275
-7.465,0.32921875
-7.455,0.3309375
-7.445,0.33265625
-7.435,0.334375
-7.425,0.33609375
-7.415,0.33796875
-7.405,0.3396875
-7.395,0.34140625
-7.385,0.343125
-7.375,0.34484375
-7.365,0.34671875
-7.355,0.3484375
-7.345,0.35015625
-7.335,0.351875
-7.325,0.35359375
-7.315,0.3553125
-7.305,0.35703125
-7.295,0.35875
-7.285,0.36046875
-7.275,0.3621875
-7.265,0.36390625
-7.255,0.365625
-7.245,0.36734375
-7.235,0.3690625
-7.225,0.37078125
-7.215,0.37234375
-7.205,0.3740625
-7.195,0.37578125
-7.185,0.37734375
-7.175,0.3790625
-7.165,0.380625
-7.155,0.38234375
-7.145,0.38390625
-7.135,0.38546875
-7.125,0.3871875
-7.115,0.38875
-7.105,0.3903125
-7.095,0.391875
-7.085,0.3934375
-7.075,0.395
-7.065,0.3965625
-7.055,0.39796875
-7.045,0.39953125
-7.035,0.40109375
-7.025,0.4025
-7.015,0.40390625
-7.005,0.40546875
-6.995,0.406875
-6.985,0.40828125
-6.975,0.4096875
-6.965,0.41109375
-6.955,0.41234375
-6.945,0.41375
-6.935,0.41515625
-6.925,0.41640625
-6.915,0.41765625
-6.905,0.41890625
-6.895,0.42015625
-6.885,0.42140625
-6.875,0.42265625
-6.865,0.42390625
-6.855,0.425
-6.845,0.42625
-6.835,0.42734375
-6.825,0.4284375
-6.815,0.42953125
-6.805,0.430625
-6.795,0.4315625
-6.785,0.43265625
-6.775,0.43359375
-6.765,0.43453125
-6.755,0.43546875
-6.745,0.43640625
-6.735,0.43734375
-6.725,0.438125
-6.715,0.4390625
-6.705,0.43984375
-6.695,0.440625
-6.685,0.44140625
-6.675,0.44203125
-6.665,0.4428125
-6.655,0.4434375
-6.645,0.4440625
-6.635,0.4446875
-6.625,0.44515625
-6.615,0.44578125
-6.605,0.44625
-6.595,0.44671875
-6.585,0.4471875
-6.575,0.44765625
-6.565,0.44796875
-6.555,0.4484375
-6.545,0.44875
-6.535,0.4490625
-6.525,0.44921875
-6.515,0.44953125
-6.505,0.4496875
-6.495,0.44984375
-6.485,0.45
-6.475,0.45
-6.465,0.45015625
-6.455,0.45015625
-6.445,0.45015625
-6.435,0.45015625
-6.425,0.45
-6.415,0.45
-6.405,0.44984375
-6.395,0.4496875
-6.385,0.44953125
-6.375,0.44921875
-6.365,0.4490625
-6.355,0.44875
-6.345,0.4484375
-6.335,0.44796875
-6.325,0.44765625
-6.315,0.4471875
-6.305,0.446875
-6.295,0.44640625
-6.285,0.4459375
-6.275,0.4453125
-6.265,0.44484375
-6.255,0.44421875
-6.245,0.44359375
-6.235,0.44296875
-6.225,0.44234375
-6.215,0.44171875
-6.205,0.4409375
-6.195,0.44015625
-6.185,0.43953125
-6.175,0.43875
-6.165,0.4378125
-6.155,0.43703125
-6.145,0.43625
-6.135,0.4353125
-6.125,0.43453125
-6.115,0.43359375
-6.105,0.43265625
-6.095,0.43171875
-6.085,0.43078125
-6.075,0.42984375
-6.065,0.42875
-6.055,0.4278125
-6.045,0.42671875
-6.035,0.42578125
-6.025,0.4246875
-6.015,0.42359375
-6.005,0.4225
-5.995,0.42140625
-5.985,0.4203125
-5.975,0.41921875
-5.965,0.418125
-5.955,0.41703125
-5.945,0.4159375
-5.935,0.4146875
-5.925,0.41359375
-5.915,0.4125
-5.905,0.41125
-5.895,0.41015625
-5.885,0.40890625
-5.875,0.4078125
-5.865,0.4065625
-5.855,0.40546875
-5.845,0.40421875
-5.835,0.403125
-5.825,0.401875
-5.815,0.400625
-5.805,0.39953125
-5.795,0.39828125
-5.785,0.3971875
-5.775,0.3959375
-5.765,0.39484375
-5.755,0.39359375
-5.745,0.392421875
-5.735,0.39125
-5.725,0.39015625
-5.715,0.38890625
-5.705,0.3878125
-5.695,0.3865625
-5.685,0.38546875
-5.675,0.384375
-5.665,0.383125
-5.655,0.38203125
-5.645,0.3809375
-5.635,0.37984375
-5.625,0.37859375
-5.615,0.3775
-5.605,0.37640625
-5.595,0.3753125
-5.585,0.37421875
-5.575,0.373203125
-5.565,0.3721875
-5.555,0.37109375
-5.545,0.37
-5.535,0.36890625
-5.525,0.36796875
-5.515,0.366875
-5.505,0.3659375
-5.495,0.36484375
-5.485,0.36390625
-5.475,0.362890625
-5.465,0.361875
-5.455,0.3609375
-5.445,0.36
-5.435,0.3590625
-5.425,0.358125
-5.415,0.3571875
-5.405,0.35625
-5.395,0.3553125
-5.385,0.354375
-5.375,0.3534375
-5.365,0.35265625
-5.355,0.35171875
-5.345,0.35078125
-5.335,0.35
-5.325,0.3490625
-5.315,0.34828125
-5.305,0.3475
-5.295,0.3465625
-5.285,0.34578125
-5.275,0.345
-5.265,0.34421875
-5.255,0.3434375
-5.245,0.34265625
-5.235,0.341875
-5.225,0.34109375
-5.215,0.3403125
-5.205,0.33953125
-5.195,0.33890625
-5.185,0.338125
-5.175,0.33734375
-5.165,0.33671875
-5.155,0.3359375
-5.145,0.3353125
-5.135,0.33453125
-5.125,0.33390625
-5.115,0.333203125
-5.105,0.3325
-5.095,0.331875
-5.085,0.33125
-5.075,0.330625
-5.065,0.33
-5.055,0.32921875
-5.045,0.32859375
-5.035,0.32796875
-5.025,0.3275
-5.015,0.326875
-5.005,0.32625
-4.995,0.325625
-4.985,0.325
-4.975,0.324375
-4.965,0.32390625
-4.955,0.32328125
-4.945,0.3228125
-4.935,0.3221875
-4.925,0.3215625
-4.915,0.32109375
-4.905,0.32046875
-4.895,0.32
-4.885,0.31953125
-4.875,0.31890625
-4.865,0.3184375
-4.855,0.31796875
-4.845,0.31734375
-4.835,0.316875
-4.825,0.31640625
-4.815,0.3159375
-4.805,0.31546875
-4.795,0.31484375
-4.785,0.314375
-4.775,0.31390625
-4.765,0.3134375
-4.755,0.31296875
-4.745,0.3125
-4.735,0.31203125
-4.725,0.3115625
-4.715,0.31125
-4.705,0.31078125
-4.695,0.3103125
-4.685,0.30984375
-4.675,0.309375
-4.665,0.3090625
-4.655,0.30859375
-4.645,0.308125
-4.635,0.30765625
-4.625,0.30734375
-4.615,0.306875
-4.605,0.3065625
-4.595,0.30609375
-4.585,0.305625
-4.575,0.3053125
-4.565,0.30484375
-4.555,0.30453125
-4.545,0.3040625
-4.535,0.30375
-4.525,0.30328125
-4.515,0.30296875
-4.505,0.30265625
-4.495,0.3021875
-4.485,0.301875
-4.475,0.30140625
-4.465,0.30109375
-4.455,0.30078125
-4.445,0.30046875
-4.435,0.3
-4.425,0.2996875
-4.415,0.299375
-4.405,0.2990625
-4.395,0.29859375
-4.385,0.29828125
-4.375,0.29796875
-4.365,0.29765625
-4.355,0.29734375
-4.345,0.296875
-4.335,0.2965625
-4.325,0.29625
-4.315,0.2959375
-4.305,0.295625
-4.295,0.2953125
-4.285,0.295
-4.275,0.2946875
-4.265,0.294375
-4.255,0.2940625
-4.245,0.29375
-4.235,0.2934375
-4.225,0.293125
-4.215,0.2928125
-4.205,0.2925
-4.195,0.2921875
-4.185,0.291875
-4.175,0.2915625
-4.165,0.29125
-4.155,0.2909375
-4.145,0.290625
-4.135,0.2903125
-4.125,0.29
-4.115,0.2896875
-4.105,0.289375
-4.095,0.2890625
-4.085,0.28875
-4.075,0.2884375
-4.065,0.288125
-4.055,0.2878125
-4.045,0.2875
-4.035,0.2871875
-4.025,0.286875
-4.015,0.2865625
-4.005,0.28625
-3.995,0.2859375
-3.985,0.285625
-3.975,0.2853125
-3.965,0.285
-3.955,0.2846875
-3.945,0.284375
-3.935,0.2840625
-3.925,0.28375
-3.915,0.2834375
-3.905,0.28296875
-3.895,0.28265625
-3.885,0.28234375
-3.875,0.28203125
-3.865,0.28171875
-3.855,0.28140625
-3.845,0.2809375
-3.835,0.280625
-3.825,0.2803125
-3.815,0.28
-3.805,0.27953125
-3.795,0.27921875
-3.785,0.27890625
-3.775,0.2784375
-3.765,0.278125
-3.755,0.2778125
-3.745,0.27734375
-3.735,0.27703125
-3.725,0.2765625
-3.715,0.27625
-3.705,0.27578125
-3.695,0.27546875
-3.685,0.275
-3.675,0.27453125
-3.665,0.27421875
-3.655,0.27375
-3.645,0.27328125
-3.635,0.27296875
-3.625,0.2725
-3.615,0.27203125
-3.605,0.2715625
-3.595,0.27109375
-3.585,0.27078125
-3.575,0.2703125
-3.565,0.26984375
-3.555,0.269375
-3.545,0.26890625
-3.535,0.2684375
-3.525,0.26796875
-3.515,0.2675
-3.505,0.266875
-3.495,0.26640625
-3.485,0.2659375
-3.475,0.26546875
-3.465,0.265
-3.455,0.264375
-3.445,0.26390625
-3.435,0.2634375
-3.425,0.26296875
-3.415,0.26234375
-3.405,0.261875
-3.395,0.26125
-3.385,0.26078125
-3.375,0.2603125
-3.365,0.2596875
-3.355,0.25921875
-3.345,0.25859375
-3.335,0.258125
-3.325,0.2575
-3.315,0.25703125
-3.305,0.25640625
-3.295,0.2559375
-3.285,0.2553125
-3.275,0.25484375
-3.265,0.25421875
-3.255,0.25375
-3.245,0.253125
-3.235,0.2525
-3.225,0.25203125
-3.215,0.25140625
-3.205,0.2509375
-3.195,0.2503125
-3.185,0.24984375
-3.175,0.24921875
-3.165,0.24875
-3.155,0.248125
-3.145,0.2475
-3.135,0.24703125
-3.125,0.24640625
-3.115,0.2459375
-3.105,0.2453125
-3.095,0.24484375
-3.085,0.24421875
-3.075,0.24375
-3.065,0.24328125
-3.055,0.24265625
-3.045,0.2421875
-3.035,0.2415625
-3.025,0.24109375
-3.015,0.240625
-3.005,0.24
-2.995,0.23953125
-2.985,0.2390625
-2.975,0.2384375
-2.965,0.23796875
-2.955,0.2375
-2.945,0.236875
-2.935,0.23640625
-2.925,0.2359375
-2.915,0.23546875
-2.905,0.235
-2.895,0.234453125
-2.885,0.23390625
-2.875,0.2334375
-2.865,0.23296875
-2.855,0.2325
-2.845,0.23203125
-2.835,0.2315625
-2.825,0.23109375
-2.815,0.230625
-2.805,0.23015625
-2.795,0.22953125
-2.785,0.2290625
-2.775,0.22859375
-2.765,0.228125
-2.755,0.22765625
-2.745,0.2271875
-2.735,0.22671875
-2.725,0.22625
-2.715,0.22578125
-2.705,0.2253125
-2.695,0.22484375
-2.685,0.224296875
-2.675,0.22375
-2.665,0.22328125
-2.655,0.2228125
-2.645,0.22234375
-2.635,0.221796875
-2.625,0.22125
-2.615,0.22078125
-2.605,0.2203125
-2.595,0.2196875
-2.585,0.21921875
-2.575,0.21859375
-2.565,0.218125
-2.555,0.2175
-2.545,0.21703125
-2.535,0.21640625
-2.525,0.21578125
-2.515,0.2153125
-2.505,0.2146875
-2.495,0.2140625
-2.485,0.2134375
-2.475,0.2128125
-2.465,0.2121875
-2.455,0.2115625
-2.445,0.2109375
-2.435,0.21015625
-2.425,0.20953125
-2.415,0.20890625
-2.405,0.208125
-2.395,0.2075
-2.385,0.20671875
-2.375,0.2059375
-2.365,0.2053125
-2.355,0.20453125
-2.345,0.20375
-2.335,0.20296875
-2.325,0.2021875
-2.315,0.20140625
-2.305,0.20046875
-2.295,0.1996875
-2.285,0.19890625
-2.275,0.19796875
-2.265,0.19703125
-2.255,0.19625
-2.245,0.1953125
-2.235,0.194375
-2.225,0.1934375
-2.215,0.1925
-2.205,0.1915625
-2.195,0.190625
-2.185,0.1896875
-2.175,0.18875
-2.165,0.18765625
-2.155,0.18671875
-2.145,0.185625
-2.135,0.1846875
-2.125,0.18359375
-2.115,0.1825
-2.105,0.18140625
-2.095,0.1803125
-2.085,0.179296875
-2.075,0.178125
-2.065,0.17703125
-2.055,0.1759375
-2.045,0.17484375
-2.035,0.17375
-2.025,0.17265625
-2.015,0.17140625
-2.005,0.1703125
-1.995,0.1690625
-1.985,0.16796875
-1.975,0.16671875
-1.965,0.165625
-1.955,0.164375
-1.945,0.16328125
-1.935,0.16203125
-1.925,0.16078125
-1.915,0.15953125
-1.905,0.1584375
-1.895,0.1571875
-1.885,0.155953125
-1.875,0.154726563
-1.865,0.1535
-1.855,0.15228125
-1.845,0.151046875
-1.835,0.149820313
-1.825,0.14859375
-1.815,0.147359375
-1.805,0.146125
-1.795,0.144898438
-1.785,0.143671875
-1.775,0.1424375
-1.765,0.141203125
-1.755,0.139984375
-1.745,0.138757813
-1.735,0.13753125
-1.725,0.1363125
-1.715,0.13509375
-1.705,0.133875
-1.695,0.132671875
-1.685,0.131460938
-1.675,0.130257813
-1.665,0.1290625
-1.655,0.127859375
-1.645,0.126671875
-1.635,0.125484375
-1.625,0.124296875
-1.615,0.123125
-1.605,0.121953125
-1.595,0.120789063
-1.585,0.119625
-1.575,0.118476563
-1.565,0.117328125
-1.555,0.1161875
-1.545,0.115054688
-1.535,0.113921875
-1.525,0.112804688
-1.515,0.1116875
-1.505,0.110578125
-1.495,0.109484375
-1.485,0.108390625
-1.475,0.107296875
-1.465,0.10621875
-1.455,0.10515625
-1.445,0.10409375
-1.435,0.10303125
-1.425,0.101984375
-1.415,0.1009375
-1.405,0.09990625
-1.395,0.098875
-1.385,0.097859375
-1.375,0.096851563
-1.365,0.09584375
-1.355,0.094851563
-1.345,0.093859375
-1.335,0.092882813
-1.325,0.09190625
-1.315,0.090945313
-1.305,0.089984375
-1.295,0.08903125
-1.285,0.08809375
-1.275,0.08715625
-1.265,0.086234375
-1.255,0.0853125
-1.245,0.08440625
-1.235,0.0835
-1.225,0.08259375
-1.215,0.081703125
-1.205,0.080828125
-1.195,0.079953125
-1.185,0.079078125
-1.175,0.07821875
-1.165,0.077359375
-1.155,0.076515625
-1.145,0.075671875
-1.135,0.074835938
-1.125,0.074007813
-1.115,0.0731875
-1.105,0.072375
-1.095,0.0715625
-1.085,0.070765625
-1.075,0.06996875
-1.065,0.069171875
-1.055,0.068390625
-1.045,0.067625
-1.035,0.06684375
-1.025,0.066085938
-1.015,0.065328125
-1.005,0.064578125
-0.995,0.063828125
-0.985,0.06309375
-0.975,0.062359375
-0.965,0.061625
-0.955,0.06090625
-0.945,0.0601875
-0.935,0.059484375
-0.925,0.05878125
-0.915,0.058078125
-0.905,0.057390625
-0.895,0.056703125
-0.885,0.056015625
-0.875,0.05534375
-0.865,0.054671875
-0.855,0.054007813
-0.845,0.05334375
-0.835,0.052695313
-0.825,0.052046875
-0.815,0.05140625
-0.805,0.050765625
-0.795,0.050140625
-0.785,0.049515625
-0.775,0.048890625
-0.765,0.04828125
-0.755,0.047671875
-0.745,0.0470625
-0.735,0.04646875
-0.725,0.045875
-0.715,0.045296875
-0.705,0.04471875
-0.695,0.044140625
-0.685,0.043578125
-0.675,0.043015625
-0.665,0.042453125
-0.655,0.04190625
-0.645,0.041359375
-0.635,0.040828125
-0.625,0.040296875
-0.615,0.039765625
-0.605,0.03925
-0.595,0.038734375
-0.585,0.038234375
-0.575,0.037734375
-0.565,0.037234375
-0.555,0.03675
-0.545,0.036265625
-0.535,0.035796875
-0.525,0.035328125
-0.515,0.034875
-0.505,0.034421875
-0.495,0.03396875
-0.485,0.03353125
-0.475,0.033109375
-0.465,0.0326875
-0.455,0.032265625
-0.445,0.031859375
-0.435,0.03146875
-0.425,0.031070313
-0.415,0.0306875
-0.405,0.0303125
-0.395,0.0299375
-0.385,0.029578125
-0.375,0.029234375
-0.365,0.028890625
-0.355,0.028546875
-0.345,0.028234375
-0.335,0.02790625
-0.325,0.027601563
-0.315,0.027296875
-0.305,0.027015625
-0.295,0.026734375
-0.285,0.026453125
-0.275,0.026195313
-0.265,0.0259375
-0.255,0.025703125
-0.245,0.02546875
-0.235,0.025234375
-0.225,0.02503125
-0.215,0.0248125
-0.205,0.024625
-0.195,0.0244375
-0.185,0.024265625
-0.175,0.024109375
-0.165,0.023953125
-0.155,0.0238125
-0.145,0.023671875
-0.135,0.023546875
-0.125,0.0234375
-0.115,0.02334375
-0.105,0.02325
-0.095,0.023171875
-0.085,0.023109375
-0.075,0.023046875
-0.065,0.023
-0.055,0.02296875
-0.045,0.0229375
-0.035,0.0229375
-0.025,0.0229375
-0.015,0.022953125
-0.005,0.02296875
0.005,0.023
0.015,0.023046875
0.025,0.023109375
0.035,0.0231875
0.045,0.023265625
0.055,0.023359375
0.065,0.02346875
0.075,0.023578125
0.085,0.02371875
0.095,0.023859375
0.105,0.024015625
0.115,0.0241875
0.125,0.024359375
0.135,0.024546875
0.145,0.024765625
0.155,0.02496875
0.165,0.025203125
0.175,0.025453125
0.185,0.025703125
0.195,0.02596875
0.205,0.02625
0.215,0.026546875
0.225,0.02684375
0.235,0.027171875
0.245,0.0275
0.255,0.02784375
0.265,0.028203125
0.275,0.028578125
0.285,0.028953125
0.295,0.029351563
0.305,0.029765625
0.315,0.0301875
0.325,0.030625
0.335,0.0310625
0.345,0.03153125
0.355,0.032
0.365,0.0325
0.375,0.033
0.385,0.033515625
0.395,0.034046875
0.405,0.03459375
0.415,0.035140625
0.425,0.03571875
0.435,0.036296875
0.445,0.036890625
0.455,0.037507813
0.465,0.038132813
0.475,0.038765625
0.485,0.039421875
0.495,0.04009375
0.505,0.04078125
0.515,0.04146875
0.525,0.042179688
0.535,0.04290625
0.545,0.043640625
0.555,0.044390625
0.565,0.04515625
0.575,0.045945313
0.585,0.046734375
0.595,0.047546875
0.605,0.048375
0.615,0.04921875
0.625,0.050078125
0.635,0.0509375
0.645,0.051828125
0.655,0.05271875
0.665,0.053640625
0.675,0.0545625
0.685,0.055515625
0.695,0.05646875
0.705,0.0574375
0.715,0.0584375
0.725,0.0594375
0.735,0.060453125
0.745,0.061484375
0.755,0.06253125
0.765,0.06359375
0.775,0.064671875
0.785,0.065765625
0.795,0.066875
0.805,0.068
0.815,0.069140625
0.825,0.07028125
0.835,0.071453125
0.845,0.072632813
0.855,0.073828125
0.865,0.07503125
0.875,0.076257813
0.885,0.0775
0.895,0.07875
0.905,0.080007813
0.915,0.08128125
0.925,0.082578125
0.935,0.083875
0.945,0.085195313
0.955,0.086523438
0.965,0.087859375
0.975,0.08921875
0.985,0.090578125
0.995,0.091953125
1.005,0.09334375
1.015,0.094734375
1.025,0.096140625
1.035,0.0975625
1.045,0.098984375
1.055,0.100421875
1.065,0.101875
1.075,0.103328125
1.085,0.10478125
1.095,0.10625
1.105,0.107734375
1.115,0.109210938
1.125,0.110703125
1.135,0.1121875
1.145,0.1136875
1.155,0.1151875
1.165,0.116695313
1.175,0.118203125
1.185,0.11971875
1.195,0.121234375
1.205,0.122742188
1.215,0.124257813
1.225,0.125773438
1.235,0.127289063
1.245,0.128796875
1.255,0.1303125
1.265,0.1318125
1.275,0.133320313
1.285,0.134820313
1.295,0.1363125
1.305,0.137804688
1.315,0.139289063
1.325,0.140765625
1.335,0.142234375
1.345,0.1436875
1.355,0.145140625
1.365,0.146578125
1.375,0.148
1.385,0.149421875
1.395,0.150828125
1.405,0.15221875
1.415,0.15359375
1.425,0.154953125
1.435,0.15625
1.445,0.15765625
1.455,0.15890625
1.465,0.1603125
1.475,0.1615625
1.485,0.1628125
1.495,0.1640625
1.505,0.165234375
1.515,0.16640625
1.525,0.16765625
1.535,0.16875
1.545,0.16984375
1.555,0.1709375
1.565,0.17203125
1.575,0.173125
1.585,0.17421875
1.595,0.17515625
1.605,0.17609375
1.615,0.1771875
1.625,0.178125
1.635,0.17890625
1.645,0.17984375
1.655,0.180625
1.665,0.1815625
1.675,0.18234375
1.685,0.18296875
1.695,0.18375
1.705,0.18453125
1.715,0.18515625
1.725,0.18578125
1.735,0.18640625
1.745,0.18703125
1.755,0.1875
1.765,0.188125
1.775,0.18859375
1.785,0.1890625
1.795,0.18953125
1.805,0.18984375
1.815,0.1903125
1.825,0.190625
1.835,0.1909375
1.845,0.19125
1.855,0.19140625
1.865,0.19171875
1.875,0.191875
1.885,0.19203125
1.895,0.1921875
1.905,0.19234375
1.915,0.19234375
1.925,0.1925
1.935,0.1925
1.945,0.1925
1.955,0.1925
1.965,0.1925
1.975,0.19234375
1.985,0.19234375
1.995,0.1921875
2.005,0.19203125
2.015,0.191875
2.025,0.19171875
2.035,0.1915625
2.045,0.19125
2.055,0.19109375
2.065,0.19078125
2.075,0.190625
2.085,0.1903125
2.095,0.19
2.105,0.1896875
2.115,0.189375
2.125,0.18890625
2.135,0.18859375
2.145,0.18828125
2.155,0.1878125
2.165,0.1875
2.175,0.18703125
2.185,0.18671875
2.195,0.18625
2.205,0.18578125
2.215,0.1853125
2.225,0.18484375
2.235,0.18453125
2.245,0.1840625
2.255,0.18359375
2.265,0.183125
2.275,0.18265625
2.285,0.1821875
2.295,0.18171875
2.305,0.18125
2.315,0.18078125
2.325,0.1803125
2.335,0.17984375
2.345,0.179375
2.355,0.17890625
2.365,0.1784375
2.375,0.178125
2.385,0.17765625
2.395,0.1771875
2.405,0.17671875
2.415,0.17640625
2.425,0.1759375
2.435,0.175625
2.445,0.17515625
2.455,0.17484375
2.465,0.17453125
2.475,0.17421875
2.485,0.17375
2.495,0.1734375
2.505,0.17328125
2.515,0.17296875
2.525,0.17265625
2.535,0.17234375
2.545,0.1721875
2.555,0.171875
2.565,0.17171875
2.575,0.1715625
2.585,0.17140625
2.595,0.17125
2.605,0.17109375
2.615,0.17109375
2.625,0.1709375
2.635,0.1709375
2.645,0.17078125
2.655,0.17078125
2.665,0.17078125
2.675,0.17078125
2.685,0.1709375
2.695,0.1709375
2.705,0.17109375
2.715,0.17125
2.725,0.17140625
2.735,0.1715625
2.745,0.17171875
2.755,0.171875
2.765,0.1721875
2.775,0.1725
2.785,0.172734375
2.795,0.173125
2.805,0.1734375
2.815,0.17375
2.825,0.17421875
2.835,0.1746875
2.845,0.175
2.855,0.175625
2.865,0.17609375
2.875,0.1765625
2.885,0.1771875
2.895,0.1778125
2.905,0.1784375
2.915,0.1790625
2.925,0.1796875
2.935,0.1803125
2.945,0.18109375
2.955,0.181875
2.965,0.18265625
2.975,0.1834375
2.985,0.18421875
2.995,0.18515625
3.005,0.18609375
3.015,0.186875
3.025,0.1878125
3.035,0.18890625
3.045,0.18984375
3.055,0.19078125
3.065,0.191875
3.075,0.19296875
3.085,0.1940625
3.095,0.19515625
3.105,0.19625
3.115,0.19734375
3.125,0.19859375
3.135,0.19984375
3.145,0.2009375
3.155,0.2021875
3.165,0.2034375
3.175,0.20484375
3.185,0.20609375
3.195,0.20734375
3.205,0.20875
3.215,0.21
3.225,0.21140625
3.235,0.2128125
3.245,0.21421875
3.255,0.215625
3.265,0.21703125
3.275,0.2184375
3.285,0.22
3.295,0.22140625
3.305,0.2228125
3.315,0.224375
3.325,0.22578125
3.335,0.22734375
3.345,0.22875
3.355,0.2303125
3.365,0.23171875
3.375,0.23328125
3.385,0.23484375
3.395,0.23625
3.405,0.2378125
3.415,0.239375
3.425,0.24078125
3.435,0.24234375
3.445,0.24375
3.455,0.2453125
3.465,0.24671875
3.475,0.248203125
3.485,0.2496875
3.495,0.25109375
3.505,0.2525
3.515,0.25390625
3.525,0.2553125
3.535,0.25671875
3.545,0.25796875
3.555,0.259375
3.565,0.260625
3.575,0.261875
3.585,0.263125
3.595,0.264375
3.605,0.265625
3.615,0.26671875
3.625,0.26796875
3.635,0.2690625
3.645,0.27015625
3.655,0.27109375
3.665,0.2721875
3.675,0.273125
3.685,0.273984375
3.695,0.27484375
3.705,0.275625
3.715,0.27640625
3.725,0.2771875
3.735,0.27796875
3.745,0.27859375
3.755,0.279140625
3.765,0.2796875
3.775,0.28015625
3.785,0.280625
3.795,0.2809375
3.805,0.28125
3.815,0.2815625
3.825,0.28171875
3.835,0.281875
3.845,0.28203125
3.855,0.28203125
3.865,0.28203125
3.875,0.281875
3.885,0.28171875
3.895,0.2815625
3.905,0.28125
3.915,0.2809375
3.925,0.28046875
3.935,0.28
3.945,0.27953125
3.955,0.27890625
3.965,0.278125
3.975,0.2775
3.985,0.2765625
3.995,0.27578125
4.005,0.27484375
4.015,0.27375
4.025,0.27265625
4.035,0.2715625
4.045,0.2703125
4.055,0.2690625
4.065,0.26765625
4.075,0.26625
4.085,0.26484375
4.095,0.26328125
4.105,0.2615625
4.115,0.26
4.125,0.25828125
4.135,0.25640625
4.145,0.25453125
4.155,0.25265625
4.165,0.250625
4.175,0.24859375
4.185,0.2465625
4.195,0.244375
4.205,0.2421875
4.215,0.24
4.225,0.23765625
4.235,0.2353125
4.245,0.23296875
4.255,0.23046875
4.265,0.228046875
4.275,0.22546875
4.285,0.22296875
4.295,0.2203125
4.305,0.21765625
4.315,0.215
4.325,0.21234375
4.335,0.20953125
4.345,0.20671875
4.355,0.203984375
4.365,0.20109375
4.375,0.19828125
4.385,0.19546875
4.395,0.1925
4.405,0.18953125
4.415,0.18671875
4.425,0.18375
4.435,0.18078125
4.445,0.1778125
4.455,0.17484375
4.465,0.17171875
4.475,0.16875
4.485,0.16578125
4.495,0.1628125
4.505,0.15984375
4.515,0.15671875
4.525,0.153796875
4.535,0.150796875
4.545,0.1478125
4.555,0.14484375
4.565,0.141875
4.575,0.138929688
4.585,0.135992188
4.595,0.133070313
4.605,0.130171875
4.615,0.12728125
4.625,0.124421875
4.635,0.121578125
4.645,0.11875
4.655,0.115953125
4.665,0.1131875
4.675,0.110445313
4.685,0.107734375
4.695,0.105046875
4.705,0.102390625
4.715,0.099765625
4.725,0.097171875
4.735,0.094609375
4.745,0.092085938
4.755,0.08959375
4.765,0.087140625
4.775,0.084726563
4.785,0.08234375
4.795,0.08
4.805,0.077703125
4.815,0.075429688
4.825,0.073203125
4.835,0.071015625
4.845,0.068875
4.855,0.066765625
4.865,0.064695313
4.875,0.062671875
4.885,0.0606875
4.895,0.058742188
4.905,0.05684375
4.915,0.054984375
4.925,0.05315625
4.935,0.051375
4.945,0.049640625
4.955,0.047945313
4.965,0.04628125
4.975,0.044671875
4.985,0.04309375
4.995,0.0415625
5.005,0.0400625
5.015,0.038601563
5.025,0.0371875
5.035,0.035804688
5.045,0.034460938
5.055,0.03315625
5.065,0.031890625
5.075,0.03065625
5.085,0.02946875
5.095,0.0283125
5.105,0.0271875
5.115,0.02609375
5.125,0.025046875
5.135,0.024015625
5.145,0.02303125
5.155,0.022078125
5.165,0.02115625
5.175,0.020257813
5.185,0.019390625
5.195,0.0185625
5.205,0.01775
5.215,0.016976563
5.225,0.016234375
5.235,0.01550625
5.245,0.014810938
5.255,0.014141406
5.265,0.013496875
5.275,0.012875781
5.285,0.012279688
5.295,0.011705469
5.305,0.011154688
5.315,0.010625
5.325,0.010116406
5.335,0.009628906
5.345,0.009160938
5.355,0.0087125
5.365,0.008282031
5.375,0.007871094
5.385,0.007476563
5.395,0.007099219
5.405,0.006738281
5.415,0.006392969
5.425,0.006063281
5.435,0.005749219
5.445,0.005447656
5.455,0.005160156
5.465,0.004886719
5.475,0.004625781
5.485,0.004375781
5.495,0.004139063
5.505,0.003913281
5.515,0.003697656
5.525,0.003492969
5.535,0.003299219
5.545,0.003113281
5.555,0.002938281
5.565,0.002771094
5.575,0.0026125
5.585,0.002461719
5.595,0.002319531
5.605,0.002183594
5.615,0.002055469
5.625,0.001934375
5.635,0.00181875
5.645,0.001710156
5.655,0.001607031
5.665,0.001509688
5.675,0.001417578
5.685,0.001330547
5.695,0.001248359
5.705,0.001170859
5.715,0.001097734
5.725,0.001028672
5.735,0.000963516
5.745,0.000902266
5.755,0.000844453
5.765,0.000790078
5.775,0.000738906
5.785,0.000690781
5.795,0.000645469
5.805,0.000602969
5.815,0.000562969
5.825,0.000525469
5.835,0.000490234
5.845,0.000457188
5.855,0.000426172
5.865,0.000397109
5.875,0.000369922
5.885,0.000344375
5.895,0.000320547
5.905,0.000298203
5.915,0.000277266
5.925,0.000257734
5.935,0.000239453
5.945,0.000222422
5.955,0.000206484
5.965,0.000191641
5.975,0.000177734
5.985,0.000164844
5.995,0.000152789
6.005,0.000141563
6.015,0.000131102
6.025,0.000121367
6.035,0.000112313
6.045,0.000103891
6.055,9.61E-05
6.065,8.88E-05
6.075,8.20E-05
6.085,7.57E-05
6.095,6.99E-05
6.105,6.45E-05
6.115,5.95E-05
6.125,5.49E-05
6.135,5.06E-05
6.145,4.66E-05
6.155,4.29E-05
6.165,3.95E-05
6.175,3.63E-05
6.185,3.34E-05
6.195,3.07E-05
6.205,2.82E-05
6.215,2.59E-05
6.225,2.38E-05
6.235,2.19E-05
6.245,2.00E-05
6.255,1.84E-05
6.265,1.69E-05
6.275,1.54E-05
6.285,1.41E-05
6.295,1.29E-05
6.305,1.18E-05
6.315,1.08E-05
6.325,9.91E-06
6.335,9.06E-06
6.345,8.27E-06
6.355,7.56E-06
6.365,6.90E-06
6.375,6.29E-06
6.385,5.74E-06
6.395,5.24E-06
6.405,4.77E-06
6.415,4.35E-06
6.425,3.96E-06
6.435,3.60E-06
6.445,3.28E-06
6.455,2.98E-06
6.465,2.71E-06
6.475,2.46E-06
6.485,2.24E-06
6.495,2.03E-06
6.505,1.84E-06
6.515,1.67E-06
6.525,1.52E-06
6.535,1.37E-06
6.545,1.25E-06
6.555,1.13E-06
6.565,1.02E-06
6.575,9.24E-07
6.585,8.36E-07
6.595,7.56E-07
6.605,6.83E-07
6.615,6.17E-07
6.625,5.58E-07
6.635,5.03E-07
6.645,4.54E-07
6.655,4.10E-07
6.665,3.69E-07
6.675,3.33E-07
6.685,3.00E-07
6.695,2.70E-07
6.705,2.43E-07
6.715,2.19E-07
6.725,1.97E-07
6.735,1.77E-07
6.745,1.59E-07
6.755,1.43E-07
6.765,1.28E-07
6.775,1.15E-07
6.785,1.03E-07
6.795,9.24E-08
6.805,8.28E-08
6.815,7.42E-08
6.825,6.65E-08
6.835,5.95E-08
6.845,5.32E-08
6.855,4.76E-08
6.865,4.26E-08
6.875,3.81E-08
6.885,3.40E-08
6.895,3.04E-08
6.905,2.71E-08
6.915,2.42E-08
6.925,2.16E-08
6.935,1.92E-08
6.945,1.71E-08
6.955,1.53E-08
6.965,1.36E-08
6.975,1.21E-08
6.985,1.07E-08
6.995,9.56E-09
7.005,8.50E-09
7.015,7.55E-09
7.025,6.70E-09
7.035,5.95E-09
7.045,5.28E-09
7.055,4.68E-09
7.065,4.15E-09
7.075,3.68E-09
7.085,3.26E-09
7.095,2.89E-09
7.105,2.55E-09
7.115,2.26E-09
7.125,2.00E-09
7.135,1.77E-09
7.145,1.56E-09
7.155,1.38E-09
7.165,1.22E-09
7.175,1.07E-09
7.185,9.48E-10
7.195,8.36E-10
7.205,7.36E-10
7.215,6.49E-10
7.225,5.71E-10
7.235,5.03E-10
7.245,4.43E-10
7.255,3.89E-10
7.265,3.42E-10
7.275,3.01E-10
7.285,2.64E-10
7.295,2.32E-10
7.305,2.04E-10
7.315,1.79E-10
7.325,1.57E-10
7.335,1.37E-10
7.345,1.20E-10
7.355,1.05E-10
7.365,9.22E-11
7.375,8.07E-11
7.385,7.06E-11
7.395,6.17E-11
7.405,5.40E-11
7.415,4.71E-11
7.425,4.12E-11
7.435,3.59E-11
7.445,3.13E-11
7.455,2.73E-11
7.465,2.38E-11
7.475,2.08E-11
7.485,1.81E-11
7.495,1.58E-11
7.505,1.37E-11
7.515,1.19E-11
7.525,1.04E-11
7.535,9.01E-12
7.545,7.83E-12
7.555,6.80E-12
7.565,5.90E-12
7.575,5.12E-12
7.585,4.44E-12
7.595,3.85E-12
7.605,3.34E-12
7.615,2.89E-12
7.625,2.50E-12
7.635,2.17E-12
7.645,1.87E-12
7.655,1.62E-12
7.665,1.40E-12
7.675,1.21E-12
7.685,1.05E-12
7.695,9.03E-13
7.705,7.79E-13
7.715,6.72E-13
7.725,5.79E-13
7.735,4.99E-13
7.745,4.30E-13
7.755,3.70E-13
7.765,3.19E-13
7.775,2.74E-13
7.785,2.36E-13
7.795,2.03E-13
7.805,1.74E-13
7.815,1.50E-13
7.825,1.29E-13
7.835,1.10E-13
7.845,9.46E-14
7.855,8.11E-14
7.865,6.96E-14
7.875,5.96E-14
7.885,5.10E-14
7.895,4.37E-14
7.905,3.74E-14
7.915,3.20E-14
7.925,2.73E-14
7.935,2.34E-14
7.945,2.00E-14
7.955,1.70E-14
7.965,1.45E-14
7.975,1.24E-14
7.985,1.06E-14
7.995,9.02E-15
8.005,7.68E-15
8.015,6.54E-15
8.025,5.57E-15
8.035,4.74E-15
8.045,4.03E-15
8.055,3.43E-15
8.065,2.91E-15
8.075,2.48E-15
8.085,2.10E-15
8.095,1.78E-15
8.105,1.51E-15
8.115,1.28E-15
8.125,1.09E-15
8.135,9.22E-16
8.145,7.81E-16
8.155,6.61E-16
8.165,5.60E-16
8.175,4.73E-16
8.185,4.00E-16
8.195,3.38E-16
8.205,2.86E-16
8.215,2.41E-16
8.225,2.04E-16
8.235,1.72E-16
8.245,1.45E-16
8.255,1.22E-16
8.265,1.03E-16
8.275,8.68E-17
8.285,7.30E-17
8.295,6.15E-17
8.305,5.17E-17
8.315,4.35E-17
8.325,3.66E-17
8.335,3.07E-17
8.345,2.58E-17
8.355,2.17E-17
8.365,1.82E-17
8.375,1.52E-17
8.385,1.28E-17
8.395,1.07E-17
8.405,8.97E-18
8.415,7.51E-18
8.425,6.29E-18
8.435,5.26E-18
8.445,4.40E-18
8.455,3.68E-18
8.465,3.07E-18
8.475,2.56E-18
8.485,2.14E-18
8.495,1.79E-18
8.505,1.49E-18
8.515,1.24E-18
8.525,1.04E-18
8.535,8.63E-19
8.545,7.18E-19
8.555,5.98E-19
8.565,4.97E-19
8.575,4.14E-19
8.585,3.44E-19
8.595,2.86E-19
8.605,2.37E-19
8.615,1.97E-19
8.625,1.64E-19
8.635,1.36E-19
8.645,1.12E-19
8.655,9.32E-20
8.665,7.72E-20
8.675,6.39E-20
8.685,5.29E-20
8.695,4.38E-20
8.705,3.62E-20
8.715,2.99E-20
8.725,2.47E-20
8.735,2.04E-20
8.745,1.69E-20
8.755,1.39E-20
8.765,1.15E-20
8.775,9.47E-21
8.785,7.81E-21
8.795,6.43E-21
8.805,5.30E-21
8.815,4.36E-21
8.825,3.59E-21
8.835,2.95E-21
8.845,2.43E-21
8.855,1.99E-21
8.865,1.64E-21
8.875,1.34E-21
8.885,1.10E-21
8.895,9.05E-22
8.905,7.42E-22
8.915,6.08E-22
8.925,4.98E-22
8.935,4.08E-22
8.945,3.34E-22
8.955,2.73E-22
8.965,2.24E-22
8.975,1.83E-22
8.985,1.49E-22
8.995,1.22E-22
9.005,9.96E-23
9.015,8.13E-23
9.025,6.63E-23
9.035,5.41E-23
9.045,4.41E-23
9.055,3.59E-23
9.065,2.93E-23
9.075,2.38E-23
9.085,1.94E-23
9.095,1.58E-23
9.105,1.28E-23
9.115,1.04E-23
9.125,8.46E-24
9.135,6.87E-24
9.145,5.58E-24
9.155,4.53E-24
9.165,3.67E-24
9.175,2.97E-24
9.185,2.41E-24
9.195,1.95E-24
9.205,1.58E-24
9.215,1.28E-24
9.225,1.03E-24
9.235,8.36E-25
9.245,6.76E-25
9.255,5.46E-25
9.265,4.41E-25
9.275,3.56E-25
9.285,2.87E-25
9.295,2.32E-25
9.305,1.87E-25
9.315,1.50E-25
9.325,1.21E-25
9.335,9.75E-26
9.345,7.85E-26
9.355,6.31E-26
9.365,5.08E-26
9.375,4.08E-26
9.385,3.28E-26
9.395,2.63E-26
9.405,2.11E-26
9.415,1.70E-26
9.425,1.36E-26
9.435,1.09E-26
9.445,8.73E-27
9.455,6.99E-27
9.465,5.60E-27
9.475,4.48E-27
9.485,3.58E-27
9.495,2.87E-27
9.505,2.29E-27
9.515,1.83E-27
9.525,1.46E-27
9.535,1.17E-27
9.545,9.31E-28
9.555,7.42E-28
9.565,5.92E-28
9.575,4.72E-28
9.585,3.76E-28
9.595,2.99E-28
9.605,2.38E-28
9.615,1.89E-28
9.625,1.51E-28
9.635,1.20E-28
9.645,9.51E-29
9.655,7.55E-29
9.665,5.99E-29
9.675,4.75E-29
9.685,3.77E-29
9.695,2.99E-29
9.705,2.37E-29
9.715,1.88E-29
9.725,1.49E-29
9.735,1.18E-29
9.745,9.30E-30
9.755,7.36E-30
9.765,5.81E-30
9.775,4.59E-30
9.785,3.63E-30
9.795,2.86E-30
9.805,2.26E-30
9.815,1.78E-30
9.825,1.41E-30
9.835,1.11E-30
9.845,8.72E-31
9.855,6.87E-31
9.865,5.40E-31
9.875,4.25E-31
9.885,3.34E-31
9.895,2.63E-31
9.905,2.06E-31
9.915,1.62E-31
9.925,1.27E-31
9.935,9.99E-32
9.945,7.83E-32
9.955,6.14E-32
9.965,4.81E-32
9.975,3.77E-32
9.985,2.95E-32
9.995,2.31E-32
10.005,1.81E-32
10.015,1.41E-32
10.025,1.10E-32
10.035,8.63E-33
10.045,6.74E-33
10.055,5.26E-33
10.065,4.11E-33
10.075,3.20E-33
10.085,2.50E-33
10.095,1.95E-33
10.105,1.52E-33
10.115,1.18E-33
10.125,9.19E-34
10.135,7.15E-34
10.145,5.56E-34
10.155,4.32E-34
10.165,3.36E-34
10.175,2.61E-34
10.185,2.03E-34
10.195,1.57E-34
10.205,1.22E-34
10.215,9.45E-35
10.225,7.32E-35
10.235,5.67E-35
10.245,4.39E-35
10.255,3.40E-35
10.265,2.63E-35
10.275,2.03E-35
10.285,1.57E-35
10.295,1.21E-35
10.305,9.38E-36
10.315,7.24E-36
10.325,5.59E-36
10.335,4.31E-36
10.345,3.32E-36
10.355,2.56E-36
10.365,1.97E-36
10.375,1.52E-36
10.385,1.17E-36
10.395,9.00E-37
10.405,6.92E-37
10.415,5.32E-37
10.425,4.09E-37
10.435,3.14E-37
10.445,2.41E-37
10.455,1.85E-37
10.465,1.42E-37
10.475,1.09E-37
10.485,8.33E-38
10.495,6.39E-38
10.505,4.89E-38
10.515,3.74E-38
10.525,2.86E-38
10.535,2.19E-38
10.545,1.67E-38
10.555,1.28E-38
10.565,9.77E-39
10.575,7.46E-39
10.585,5.69E-39
10.595,4.34E-39
10.605,3.31E-39
10.615,2.52E-39
10.625,1.92E-39
10.635,1.46E-39
10.645,1.11E-39
10.655,8.48E-40
10.665,6.44E-40
10.675,4.90E-40
10.685,3.72E-40
10.695,2.83E-40
10.705,2.15E-40
10.715,1.63E-40
10.725,1.24E-40
10.735,9.37E-41
10.745,7.10E-41
10.755,5.38E-41
10.765,4.07E-41
10.775,3.08E-41
10.785,2.33E-41
10.795,1.76E-41
10.805,1.33E-41
10.815,1.01E-41
10.825,7.61E-42
10.835,5.75E-42
10.845,4.34E-42
10.855,3.27E-42
10.865,2.47E-42
10.875,1.86E-42
10.885,1.40E-42
10.895,1.05E-42
10.905,7.94E-43
10.915,5.97E-43
10.925,4.49E-43
10.935,3.38E-43
10.945,2.54E-43
10.955,1.91E-43
10.965,1.43E-43
10.975,1.07E-43
10.985,8.06E-44
10.995,6.04E-44
11.005,4.53E-44
11.015,3.39E-44
11.025,2.54E-44
11.035,1.90E-44
11.045,1.42E-44
11.055,1.06E-44
11.065,7.95E-45
11.075,5.94E-45
11.085,4.44E-45
11.095,3.31E-45
11.105,2.47E-45
11.115,1.85E-45
11.125,1.38E-45
11.135,1.03E-45
11.145,7.64E-46
11.155,5.69E-46
11.165,4.24E-46
11.175,3.15E-46
11.185,2.34E-46
11.195,1.74E-46
11.205,1.29E-46
11.215,9.61E-47
11.225,7.14E-47
11.235,5.30E-47
11.245,3.93E-47
11.255,2.91E-47
11.265,2.16E-47
11.275,1.60E-47
11.285,1.18E-47
11.295,8.77E-48
11.305,6.49E-48
11.315,4.80E-48
11.325,3.55E-48
11.335,2.62E-48
11.345,1.94E-48
11.355,1.43E-48
11.365,1.06E-48
11.375,7.79E-49
11.385,5.74E-49
11.395,4.23E-49
11.405,3.12E-49
11.415,2.30E-49
11.425,1.69E-49
11.435,1.24E-49
11.445,9.14E-50
11.455,6.72E-50
11.465,4.94E-50
11.475,3.63E-50
11.485,2.66E-50
11.495,1.95E-50
11.505,1.43E-50
11.515,1.05E-50
11.525,7.71E-51
11.535,5.65E-51
11.545,4.14E-51
11.555,3.03E-51
11.565,2.21E-51
11.575,1.62E-51
11.585,1.18E-51
11.595,8.65E-52
11.605,6.32E-52
11.615,4.61E-52
11.625,3.37E-52
11.635,2.46E-52
11.645,1.79E-52
11.655,1.31E-52
11.665,9.51E-53
11.675,6.93E-53
11.685,5.04E-53
11.695,3.67E-53
11.705,2.67E-53
11.715,1.94E-53
11.725,1.41E-53
11.735,1.02E-53
11.745,7.44E-54
11.755,5.40E-54
11.765,3.91E-54
11.775,2.84E-54
11.785,2.06E-54
11.795,1.49E-54
11.805,1.08E-54
11.815,7.81E-55
11.825,5.65E-55
11.835,4.09E-55
11.845,2.96E-55
11.855,2.14E-55
11.865,1.54E-55
11.875,1.11E-55
11.885,8.04E-56
11.895,5.80E-56
11.905,4.18E-56
11.915,3.01E-56
11.925,2.17E-56
11.935,1.56E-56
11.945,1.13E-56
11.955,8.10E-57
11.965,5.83E-57
11.975,4.19E-57
11.985,3.01E-57
11.995,2.16E-57
12.005,1.55E-57
12.015,1.11E-57
12.025,7.99E-58
12.035,5.73E-58
12.045,4.11E-58
12.055,2.94E-58
12.065,2.11E-58
12.075,1.51E-58
12.085,1.08E-58
12.095,7.72E-59
12.105,5.52E-59
12.115,3.94E-59
12.125,2.82E-59
12.135,2.01E-59
12.145,1.44E-59
12.155,1.02E-59
12.165,7.30E-60
12.175,5.21E-60
12.185,3.71E-60
12.195,2.64E-60
12.205,1.88E-60
12.215,1.34E-60
12.225,9.51E-61
12.235,6.76E-61
12.245,4.81E-61
12.255,3.41E-61
12.265,2.42E-61
12.275,1.72E-61
12.285,1.22E-61
12.295,8.65E-62
12.305,6.13E-62
12.315,4.35E-62
12.325,3.08E-62
12.335,2.18E-62
12.345,1.54E-62
12.355,1.09E-62
12.365,7.71E-63
12.375,5.45E-63
12.385,3.85E-63
12.395,2.72E-63
12.405,1.92E-63
12.415,1.35E-63
12.425,9.54E-64
12.435,6.72E-64
12.445,4.74E-64
12.455,3.34E-64
12.465,2.35E-64
12.475,1.65E-64
12.485,1.16E-64
12.495,8.17E-65
12.505,5.74E-65
12.515,4.03E-65
12.525,2.83E-65
12.535,1.99E-65
12.545,1.39E-65
12.555,9.77E-66
12.565,6.85E-66
12.575,4.80E-66
12.585,3.36E-66
12.595,2.35E-66
12.605,1.65E-66
12.615,1.15E-66
12.625,8.05E-67
12.635,5.63E-67
12.645,3.93E-67
12.655,2.74E-67
12.665,1.91E-67
12.675,1.34E-67
12.685,9.31E-68
12.695,6.49E-68
12.705,4.52E-68
12.715,3.15E-68
12.725,2.19E-68
12.735,1.53E-68
12.745,1.06E-68
12.755,7.38E-69
12.765,5.13E-69
12.775,3.56E-69
12.785,2.47E-69
12.795,1.72E-69
12.805,1.19E-69
12.815,8.25E-70
12.825,5.72E-70
12.835,3.96E-70
12.845,2.74E-70
12.855,1.90E-70
12.865,1.31E-70
12.875,9.09E-71
12.885,6.28E-71
12.895,4.34E-71
12.905,3.00E-71
12.915,2.07E-71
12.925,1.43E-71
12.935,9.86E-72
12.945,6.80E-72
12.955,4.69E-72
12.965,3.23E-72
12.975,2.22E-72
12.985,1.53E-72
12.995,1.05E-72
13.005,7.24E-73
13.015,4.98E-73
13.025,3.42E-73
13.035,2.35E-73
13.045,1.61E-73
13.055,1.11E-73
13.065,7.60E-74
13.075,5.21E-74
13.085,3.57E-74
13.095,2.45E-74
13.105,1.68E-74
13.115,1.15E-74
13.125,7.85E-75
13.135,5.37E-75
13.145,3.67E-75
13.155,2.51E-75
13.165,1.71E-75
13.175,1.17E-75
13.185,7.98E-76
13.195,5.44E-76
13.205,3.71E-76
13.215,2.53E-76
13.225,1.72E-76
13.235,1.17E-76
13.245,7.99E-77
13.255,5.44E-77
13.265,3.70E-77
13.275,2.51E-77
13.285,1.71E-77
13.295,1.16E-77
13.305,7.88E-78
13.315,5.35E-78
13.325,3.63E-78
13.335,2.46E-78
13.345,1.67E-78
13.355,1.13E-78
13.365,7.65E-79
13.375,5.18E-79
13.385,3.50E-79
13.395,2.37E-79
13.405,1.60E-79
13.415,1.08E-79
13.425,7.31E-80
13.435,4.94E-80
13.445,3.33E-80
13.455,2.25E-80
13.465,1.52E-80
13.475,1.02E-80
13.485,6.88E-81
13.495,4.63E-81
13.505,3.12E-81
13.515,2.10E-81
13.525,1.41E-81
13.535,9.49E-82
13.545,6.38E-82
13.555,4.28E-82
13.565,2.88E-82
13.575,1.93E-82
13.585,1.29E-82
13.595,8.68E-83
13.605,5.82E-83
13.615,3.90E-83
13.625,2.61E-83
13.635,1.75E-83
13.645,1.17E-83
13.655,7.82E-84
13.665,5.23E-84
13.675,3.50E-84
13.685,2.34E-84
13.695,1.56E-84
13.705,1.04E-84
13.715,6.99E-85
13.725,4.68E-85
13.735,3.14E-85
13.745,2.11E-85
13.755,1.42E-85
13.765,9.64E-86
13.775,6.59E-86
13.785,4.57E-86
13.795,3.22E-86
13.805,2.32E-86
13.815,1.72E-86
13.825,1.33E-86
13.835,1.06E-86
13.845,8.87E-87
13.855,7.72E-87
13.865,6.95E-87
13.875,6.44E-87
13.885,6.11E-87
13.895,5.89E-87
13.905,5.75E-87
13.915,5.66E-87
13.925,5.60E-87
13.935,5.56E-87
13.945,5.53E-87
13.955,5.52E-87
13.965,5.51E-87
13.975,5.51E-87
13.985,5.51E-87
13.995,5.51E-87
14.005,5.51E-87
14.015,5.51E-87
14.025,5.51E-87
14.035,5.51E-87
14.045,5.51E-87
14.055,5.51E-87
14.065,5.51E-87
14.075,5.51E-87
14.085,5.51E-87
14.095,5.51E-87
14.105,5.51E-87
14.115,5.51E-87
14.125,5.51E-87
14.135,5.51E-87
14.145,5.51E-87
14.155,5.51E-87
14.165,5.51E-87
14.175,5.51E-87
14.185,5.51E-87
14.195,5.51E-87
14.205,5.51E-87
14.215,5.51E-87
14.225,5.51E-87
14.235,5.51E-87
14.245,5.51E-87
14.255,5.51E-87
14.265,5.51E-87
14.275,5.51E-87
14.285,5.51E-87
14.295,5.51E-87
14.305,5.51E-87
14.315,5.51E-87
14.325,5.51E-87
14.335,5.51E-87
14.345,5.51E-87
14.355,5.51E-87
14.365,5.51E-87
14.375,5.51E-87
14.385,5.51E-87
14.395,5.51E-87
14.405,5.51E-87
14.415,5.51E-87
14.425,5.51E-87
14.435,5.51E-87
14.445,5.51E-87
14.455,5.51E-87
14.465,5.51E-87
14.475,5.51E-87
14.485,5.51E-87
14.495,5.51E-87
14.505,5.51E-87
14.515,5.51E-87
14.525,5.51E-87
14.535,5.51E-87
14.545,5.51E-87
14.555,5.51E-87
14.565,5.51E-87
14.575,5.51E-87
14.585,5.51E-87
14.595,5.51E-87
14.605,5.51E-87
14.615,5.51E-87
14.625,5.51E-87
14.635,5.51E-87
14.645,5.51E-87
14.655,5.51E-87
14.665,5.51E-87
14.675,5.51E-87
14.685,5.51E-87
14.695,5.51E-87
14.705,5.51E-87
14.715,5.51E-87
14.725,5.51E-87
14.735,5.51E-87
14.745,5.51E-87
14.755,5.51E-87
14.765,5.51E-87
14.775,5.51E-87
14.785,5.51E-87
14.795,5.51E-87
14.805,5.51E-87
14.815,5.51E-87
14.825,5.51E-87
14.835,5.51E-87
14.845,5.51E-87
14.855,5.51E-87
14.865,5.51E-87
14.875,5.51E-87
14.885,5.51E-87
14.895,5.51E-87
14.905,5.51E-87
14.915,5.51E-87
14.925,5.51E-87
14.935,5.51E-87
14.945,5.51E-87
14.955,5.51E-87
14.965,5.51E-87
14.975,5.51E-87
14.985,5.51E-87
14.995,5.51E-87
15.005,5.51E-87
15.015,5.51E-87
15.025,5.51E-87
15.035,5.51E-87
15.045,5.51E-87
15.055,5.51E-87
15.065,5.51E-87
15.075,5.51E-87
15.085,5.51E-87
15.095,5.51E-87
15.105,5.51E-87
15.115,5.51E-87
15.125,5.51E-87
15.135,5.51E-87
15.145,5.51E-87
15.155,5.51E-87
15.165,5.51E-87
15.175,5.51E-87
15.185,5.51E-87
15.195,5.51E-87
15.205,5.51E-87
15.215,5.51E-87
15.225,5.51E-87
15.235,5.51E-87
15.245,5.51E-87
15.255,5.51E-87
15.265,5.51E-87
15.275,5.51E-87
15.285,5.51E-87
15.295,5.51E-87
15.305,5.51E-87
15.315,5.51E-87
15.325,5.51E-87
15.335,5.51E-87
15.345,5.51E-87
15.355,5.51E-87
15.365,5.51E-87
15.375,5.51E-87
15.385,5.51E-87
15.395,5.51E-87
15.405,5.51E-87
15.415,5.51E-87
15.425,5.51E-87
15.435,5.51E-87
15.445,5.51E-87
15.455,5.51E-87
15.465,5.51E-87
15.475,5.51E-87
15.485,5.51E-87
15.495,5.51E-87
15.505,5.51E-87
15.515,5.51E-87
15.525,5.51E-87
15.535,5.51E-87
15.545,5.51E-87
15.555,5.51E-87
15.565,5.51E-87
15.575,5.51E-87
15.585,5.51E-87
15.595,5.51E-87
15.605,5.51E-87
15.615,5.51E-87
15.625,5.51E-87
15.635,5.51E-87
15.645,5.51E-87
15.655,5.51E-87
15.665,5.51E-87
15.675,5.51E-87
15.685,5.51E-87
15.695,5.51E-87
15.705,5.51E-87
15.715,5.51E-87
15.725,5.51E-87
15.735,5.51E-87
15.745,5.51E-87
15.755,5.51E-87
15.765,5.51E-87
15.775,5.51E-87
15.785,5.51E-87
15.795,5.51E-87
15.805,5.51E-87
15.815,5.51E-87
15.825,5.51E-87
15.835,5.51E-87
15.845,5.51E-87
15.855,5.51E-87
15.865,5.51E-87
15.875,5.51E-87
15.885,5.51E-87
15.895,5.51E-87
15.905,5.51E-87
15.915,5.51E-87
15.925,5.51E-87
15.935,5.51E-87
15.945,5.51E-87
15.955,5.51E-87
15.965,5.51E-87
15.975,5.51E-87
15.985,5.51E-87
15.995,5.51E-87
16.005,5.51E-87
16.015,5.51E-87
16.025,5.51E-87
16.035,5.51E-87
16.045,5.51E-87
16.055,5.51E-87
16.065,5.51E-87
16.075,5.51E-87
16.085,5.51E-87
16.095,5.51E-87
16.105,5.51E-87
16.115,5.51E-87
16.125,5.51E-87
16.135,5.51E-87
16.145,5.51E-87
16.155,5.51E-87
16.165,5.51E-87
16.175,5.51E-87
16.185,5.51E-87
16.195,5.51E-87
16.205,5.51E-87
16.215,5.51E-87
16.225,5.51E-87
16.235,5.51E-87
16.245,5.51E-87
16.255,5.51E-87
16.265,5.51E-87
16.275,5.51E-87
16.285,5.51E-87
16.295,5.51E-87
16.305,5.51E-87
16.315,5.51E-87
16.325,5.51E-87
16.335,5.51E-87
16.345,5.51E-87
16.355,5.51E-87
16.365,5.51E-87
16.375,5.51E-87
16.385,5.51E-87
16.395,5.51E-87
16.405,5.51E-87
16.415,5.51E-87
16.425,5.51E-87
16.435,5.51E-87
16.445,5.51E-87
16.455,5.51E-87
16.465,5.51E-87
16.475,5.51E-87
16.485,5.51E-87
16.495,5.51E-87
16.505,5.51E-87
16.515,5.51E-87
16.525,5.51E-87
16.535,5.51E-87
16.545,5.51E-87
16.555,5.51E-87
16.565,5.51E-87
16.575,5.51E-87
16.585,5.51E-87
16.595,5.51E-87
16.605,5.51E-87
16.615,5.51E-87
16.625,5.51E-87
16.635,5.51E-87
16.645,5.51E-87
16.655,5.51E-87
16.665,5.51E-87
16.675,5.51E-87
16.685,5.51E-87
16.695,5.51E-87
16.705,5.51E-87
16.715,5.51E-87
16.725,5.51E-87
16.735,5.51E-87
16.745,5.51E-87
16.755,5.51E-87
16.765,5.51E-87
16.775,5.51E-87
16.785,5.51E-87
16.795,5.51E-87
16.805,5.51E-87
16.815,5.51E-87
16.825,5.51E-87
16.835,5.51E-87
16.845,5.51E-87
16.855,5.51E-87
16.865,5.51E-87
16.875,5.51E-87
16.885,5.51E-87
16.895,5.51E-87
16.905,5.51E-87
16.915,5.51E-87
16.925,5.51E-87
16.935,5.51E-87
16.945,5.51E-87
16.955,5.51E-87
16.965,5.51E-87
16.975,5.51E-87
16.985,5.51E-87
16.995,5.51E-87
17.005,5.51E-87
17.015,5.51E-87
17.025,5.51E-87
17.035,5.51E-87
17.045,5.51E-87
17.055,5.51E-87
17.065,5.51E-87
17.075,5.51E-87
17.085,5.51E-87
17.095,5.51E-87
17.105,5.51E-87
17.115,5.51E-87
17.125,5.51E-87
17.135,5.51E-87
17.145,5.51E-87
17.155,5.51E-87
17.165,5.51E-87
17.175,5.51E-87
17.185,5.51E-87
17.195,5.51E-87
17.205,5.51E-87
17.215,5.51E-87
17.225,5.51E-87
17.235,5.51E-87
17.245,5.51E-87
17.255,5.51E-87
17.265,5.51E-87
17.275,5.51E-87
17.285,5.51E-87
17.295,5.51E-87
17.305,5.51E-87
17.315,5.51E-87
17.325,5.51E-87
17.335,5.51E-87
17.345,5.51E-87
17.355,5.51E-87
17.365,5.51E-87
17.375,5.51E-87
17.385,5.51E-87
17.395,5.51E-87
17.405,5.51E-87
17.415,5.51E-87
17.425,5.51E-87
17.435,5.51E-87
17.445,5.51E-87
17.455,5.51E-87
17.465,5.51E-87
17.475,5.51E-87
17.485,5.51E-87
17.495,5.51E-87
17.505,5.51E-87
17.515,5.51E-87
17.525,5.51E-87
17.535,5.51E-87
17.545,5.51E-87
17.555,5.51E-87
17.565,5.51E-87
17.575,5.51E-87
17.585,5.51E-87
17.595,5.51E-87
17.605,5.51E-87
17.615,5.51E-87
17.625,5.51E-87
17.635,5.51E-87
17.645,5.51E-87
17.655,5.51E-87
17.665,5.51E-87
17.675,5.51E-87
17.685,5.51E-87
17.695,5.51E-87
17.705,5.51E-87
17.715,5.51E-87
17.725,5.51E-87
17.735,5.51E-87
17.745,5.51E-87
17.755,5.51E-87
17.765,5.51E-87
17.775,5.51E-87
17.785,5.51E-87
17.795,5.51E-87
17.805,5.51E-87
17.815,5.51E-87
17.825,5.51E-87
17.835,5.51E-87
17.845,5.51E-87
17.855,5.51E-87
17.865,5.51E-87
17.875,5.51E-87
17.885,5.51E-87
17.895,5.51E-87
17.905,5.51E-87
17.915,5.51E-87
17.925,5.51E-87
17.935,5.51E-87
17.945,5.51E-87
17.955,5.51E-87
17.965,5.51E-87
17.975,5.51E-87
17.985,5.51E-87
17.995,5.51E-87
18.005,5.51E-87
18.015,5.51E-87
18.025,5.51E-87
18.035,5.51E-87
18.045,5.51E-87
18.055,5.51E-87
18.065,5.51E-87
18.075,5.51E-87